i-index (unitless),j-index (unitless),X-value (cm),Y-value (cm),Longitude (deg),Latitude (deg),500mb Height Analysis (m),Analysis Increment from Background (m)
0,0,18.9,-6.3,-133.4349,61.7802,5322.5065,4.3231
0,1,20.17,-6.3,-132.3459,60.1426,5350.165,15.2265
0,2,21.44,-6.3,-131.3751,58.5082,5376.4088,23.3773
0,3,22.71,-6.3,-130.5046,56.8793,5397.0128,21.9694
0,4,23.98,-6.3,-129.72,55.2575,5423.226,25.9484
0,5,25.25,-6.3,-129.0095,53.6445,5444.0878,27.0889
0,6,26.52,-6.3,-128.3633,52.0415,5461.7087,26.9521
0,7,27.79,-6.3,-127.7731,50.4498,5473.0956,23.1498
0,8,29.06,-6.3,-127.232,48.8702,5482.4053,21.0316
0,9,30.33,-6.3,-126.7343,47.3038,5491.4255,21.2153
0,10,31.6,-6.3,-126.2751,45.7513,5502.0854,22.7924
0,11,32.87,-6.3,-125.85,44.2134,5519.4878,29.0945
0,12,34.14,-6.3,-125.4554,42.6906,5543.626,39.63
0,13,35.41,-6.3,-125.0883,41.1834,5568.1968,47.2333
0,14,36.68,-6.3,-124.7458,39.6925,5592.6036,51.535
0,15,37.95,-6.3,-124.4256,38.2181,5614.7231,53.9865
0,16,39.22,-6.3,-124.1256,36.7605,5631.3031,53.907
0,17,40.49,-6.3,-123.844,35.3202,5644.3749,51.42
0,18,41.76,-6.3,-123.5791,33.8972,5658.7311,49.4533
0,19,43.03,-6.3,-123.3295,32.492,5671.7893,48.4041
0,20,44.3,-6.3,-123.0939,31.1045,5677.663,45.5619
0,21,45.57,-6.3,-122.8712,29.7349,5677.6815,41.3233
1,0,18.9,-5.03,-129.9031,62.2764,5301.6082,-3.3607
1,1,20.17,-5.03,-129.0028,60.6065,5330.5032,7.86
1,2,21.44,-5.03,-128.2033,58.9431,5349.3398,8.9778
1,3,22.71,-5.03,-127.4887,57.2879,5369.2964,8.0059
1,4,23.98,-5.03,-126.8465,55.6423,5394.6384,10.8994
1,5,25.25,-5.03,-126.2663,54.0076,5416.1832,11.1755
1,6,26.52,-5.03,-125.7396,52.3848,5435.9721,11.3044
1,7,27.79,-5.03,-125.2595,50.7748,5451.0206,9.0459
1,8,29.06,-5.03,-124.82,49.1785,5462.93,7.7271
1,9,30.33,-5.03,-124.4164,47.5965,5472.5676,7.7948
1,10,31.6,-5.03,-124.0443,46.0296,5485.0058,11.5082
1,11,32.87,-5.03,-123.7003,44.4782,5499.9738,16.5325
1,12,34.14,-5.03,-123.3813,42.9429,5519.7764,24.4968
1,13,35.41,-5.03,-123.0848,41.4242,5547.116,37.2072
1,14,36.68,-5.03,-122.8084,39.9223,5569.6692,41.9858
1,15,37.95,-5.03,-122.5501,38.4376,5593.08,46.3295
1,16,39.22,-5.03,-122.3083,36.9705,5611.6256,45.7511
1,17,40.49,-5.03,-122.0815,35.5211,5632.2237,45.867
1,18,41.76,-5.03,-121.8682,34.0896,5654.1239,47.2221
1,19,43.03,-5.03,-121.6673,32.6763,5671.9765,49.6371
1,20,44.3,-5.03,-121.4779,31.2812,5681.9462,50.8555
1,21,45.57,-5.03,-121.2988,29.9045,5684.8211,49.4334
2,0,18.9,-3.76,-126.2516,62.6686,5280.0704,-10.6962
2,1,20.17,-3.76,-125.5596,60.9724,5301.1705,-5.4315
2,2,21.44,-3.76,-124.947,59.2855,5318.438,-4.2845
2,3,22.71,-3.76,-124.4009,57.6092,5335.9746,-6.7392
2,4,23.98,-3.76,-123.9113,55.9446,5361.7591,-4.1662
2,5,25.25,-3.76,-123.4697,54.2926,5385.7714,-2.9151
2,6,26.52,-3.76,-123.0696,52.6539,5407.0774,-2.5019
2,7,27.79,-3.76,-122.7054,51.0295,5426.0076,-2.348
2,8,29.06,-3.76,-122.3724,49.4198,5436.5535,-6.3694
2,9,30.33,-3.76,-122.0669,47.8255,5448.2435,-4.483
2,10,31.6,-3.76,-121.7856,46.2472,5457.1509,-3.4742
2,11,32.87,-3.76,-121.5257,44.6853,5468.2333,-0.7924
2,12,34.14,-3.76,-121.2849,43.1402,5483.3,4.5317
2,13,35.41,-3.76,-121.0612,41.6122,5507.4053,16.5298
2,14,36.68,-3.76,-120.8528,40.1017,5528.3853,22.0187
2,15,37.95,-3.76,-120.6583,38.609,5550.868,25.7263
2,16,39.22,-3.76,-120.4762,37.1343,5575.7006,28.1619
2,17,40.49,-3.76,-120.3054,35.6778,5606.7541,32.875
2,18,41.76,-3.76,-120.1449,34.2397,5636.8558,37.6732
2,19,43.03,-3.76,-119.9939,32.82,5663.145,46.0841
2,20,44.3,-3.76,-119.8514,31.419,5680.2222,52.9953
2,21,45.57,-3.76,-119.7168,30.0367,5687.6572,55.173
3,0,18.9,-2.49,-122.5053,62.9514,5260.7878,-17.964
3,1,20.17,-2.49,-122.0376,61.2359,5276.5425,-14.2056
3,2,21.44,-2.49,-121.6245,59.5318,5288.67,-16.0159
3,3,22.71,-2.49,-121.2571,57.8401,5305.9817,-18.2353
3,4,23.98,-2.49,-120.9282,56.1616,5334.3154,-14.0367
3,5,25.25,-2.49,-120.6319,54.4969,5359.9736,-11.7448
3,6,26.52,-2.49,-120.3639,52.8468,5380.8467,-11.0478
3,7,27.79,-2.49,-120.1201,51.2119,5399.0687,-10.7457
3,8,29.06,-2.49,-119.8974,49.5926,5408.5488,-15.4606
3,9,30.33,-2.49,-119.6933,47.9894,5417.605,-15.626
3,10,31.6,-2.49,-119.5055,46.4029,5422.8494,-17.1889
3,11,32.87,-2.49,-119.3321,44.8333,5428.3709,-18.5534
3,12,34.14,-2.49,-119.1715,43.2811,5440.2426,-14.6833
3,13,35.41,-2.49,-119.0224,41.7466,5460.4087,-4.7994
3,14,36.68,-2.49,-118.8835,40.2299,5478.6476,-0.5212
3,15,37.95,-2.49,-118.7539,38.7314,5499.8916,1.852
3,16,39.22,-2.49,-118.6327,37.2513,5528.8208,5.2909
3,17,40.49,-2.49,-118.5191,35.7897,5563.7827,8.9034
3,18,41.76,-2.49,-118.4123,34.3468,5606.8136,22.2152
3,19,43.03,-2.49,-118.3118,32.9226,5644.8426,38.9194
3,20,44.3,-2.49,-118.2171,31.5173,5671.7699,53.0214
3,21,45.57,-2.49,-118.1276,30.1309,5685.5602,59.7943
4,0,18.9,-1.22,-118.6933,63.1209,5241.5865,-23.881
4,1,20.17,-1.22,-118.4614,61.3936,5252.0832,-21.8837
4,2,21.44,-1.22,-118.2568,59.6792,5263.5344,-22.8301
4,3,22.71,-1.22,-118.075,57.9781,5285.2802,-21.3439
4,4,23.98,-1.22,-117.9125,56.2912,5315.7475,-17.309
4,5,25.25,-1.22,-117.7662,54.619,5343.5134,-14.2306
4,6,26.52,-1.22,-117.6339,52.962,5364.569,-12.3476
4,7,27.79,-1.22,-117.5137,51.3207,5382.7804,-10.1835
4,8,29.06,-1.22,-117.404,49.6956,5390.416,-15.4149
4,9,30.33,-1.22,-117.3034,48.0871,5393.1856,-20.9141
4,10,31.6,-1.22,-117.211,46.4957,5392.8423,-26.9608
4,11,32.87,-1.22,-117.1256,44.9215,5395.863,-29.6255
4,12,34.14,-1.22,-117.0466,43.3651,5404.703,-27.6899
4,13,35.41,-1.22,-116.9733,41.8266,5422.3302,-19.115
4,14,36.68,-1.22,-116.905,40.3062,5440.1466,-13.8757
4,15,37.95,-1.22,-116.8413,38.8043,5453.9651,-18.3631
4,16,39.22,-1.22,-116.7817,37.3209,5485.7879,-13.0461
4,17,40.49,-1.22,-116.7259,35.8563,5519.414,-12.4206
4,18,41.76,-1.22,-116.6734,34.4105,5569.1995,5.6981
4,19,43.03,-1.22,-116.624,32.9837,5616.0416,28.491
4,20,44.3,-1.22,-116.5775,31.5758,5656.2055,53.1035
4,21,45.57,-1.22,-116.5336,30.187,5677.4265,65.4313
5,0,18.9,0.05,-114.8484,63.1746,5221.3229,-27.5909
5,1,20.17,0.05,-114.858,61.4436,5232.1173,-24.7664
5,2,21.44,0.05,-114.8664,59.7258,5242.3684,-26.6678
5,3,22.71,0.05,-114.8739,58.0218,5270.2451,-20.6625
5,4,23.98,0.05,-114.8805,56.3322,5305.203,-15.9758
5,5,25.25,0.05,-114.8865,54.6576,5339.3271,-9.9104
5,6,26.52,0.05,-114.892,52.9984,5361.6763,-8.0275
5,7,27.79,0.05,-114.8969,51.3551,5376.9988,-8.946
5,8,29.06,0.05,-114.9014,49.7282,5383.6025,-14.89
5,9,30.33,0.05,-114.9055,48.118,5386.3607,-19.6567
5,10,31.6,0.05,-114.9093,46.525,5384.9062,-25.7166
5,11,32.87,0.05,-114.9128,44.9494,5382.8299,-32.2608
5,12,34.14,0.05,-114.9161,43.3916,5391.354,-29.3238
5,13,35.41,0.05,-114.9191,41.8519,5403.8891,-24.0067
5,14,36.68,0.05,-114.9219,40.3304,5415.4793,-22.6386
5,15,37.95,0.05,-114.9245,38.8273,5427.1327,-27.1512
5,16,39.22,0.05,-114.927,37.3429,5451.1767,-27.9849
5,17,40.49,0.05,-114.9292,35.8773,5483.8088,-26.504
5,18,41.76,0.05,-114.9314,34.4306,5533.7574,-6.7731
5,19,43.03,0.05,-114.9334,33.0029,5592.5799,27.9845
5,20,44.3,0.05,-114.9353,31.5943,5633.8965,52.8517
5,21,45.57,0.05,-114.9371,30.2048,5659.3366,68.5749
6,0,18.9,1.32,-111.0049,63.1117,5205.7093,-28.7891
6,1,20.17,1.32,-111.2557,61.3851,5217.8867,-26.4733
6,2,21.44,1.32,-111.4769,59.6712,5232.8294,-24.6478
6,3,22.71,1.32,-111.6735,57.9707,5264.0323,-17.2271
6,4,23.98,1.32,-111.8493,56.2842,5303.3253,-11.9729
6,5,25.25,1.32,-112.0075,54.6124,5340.1064,-7.3331
6,6,26.52,1.32,-112.1505,52.9557,5365.9713,-5.3495
6,7,27.79,1.32,-112.2805,51.3148,5383.9622,-6.0533
6,8,29.06,1.32,-112.3992,49.69,5391.0687,-12.2133
6,9,30.33,1.32,-112.508,48.0819,5394.8775,-15.6284
6,10,31.6,1.32,-112.608,46.4907,5394.7395,-19.7246
6,11,32.87,1.32,-112.7003,44.9168,5394.1695,-23.5947
6,12,34.14,1.32,-112.7858,43.3606,5398.2703,-23.068
6,13,35.41,1.32,-112.8651,41.8223,5406.3632,-19.3552
6,14,36.68,1.32,-112.939,40.3021,5414.2138,-18.358
6,15,37.95,1.32,-113.0079,38.8004,5425.1976,-20.0606
6,16,39.22,1.32,-113.0724,37.3172,5426.0655,-40.9423
6,17,40.49,1.32,-113.1328,35.8527,5463.2579,-32.1343
6,18,41.76,1.32,-113.1895,34.4071,5516.0959,-7.1029
6,19,43.03,1.32,-113.2429,32.9804,5568.0022,22.4003
6,20,44.3,1.32,-113.2933,31.5727,5614.6721,53.4519
6,21,45.57,1.32,-113.3408,30.184,5644.7202,73.9531
7,0,18.9,2.59,-107.197,62.9332,5203.7827,-23.343
7,1,20.17,2.59,-107.6828,61.2189,5210.6529,-28.5744
7,2,21.44,2.59,-108.1119,59.516,5232.5295,-22.9755
7,3,22.71,2.59,-108.4937,57.8253,5266.8562,-16.0294
7,4,23.98,2.59,-108.8356,56.1477,5308.9105,-10.5411
7,5,25.25,2.59,-109.1434,54.4838,5346.6882,-6.6865
7,6,26.52,2.59,-109.4221,52.8345,5375.5831,-4.771
7,7,27.79,2.59,-109.6755,51.2002,5395.8441,-6.0934
7,8,29.06,2.59,-109.9069,49.5815,5406.3943,-9.7044
7,9,30.33,2.59,-110.1191,47.9789,5410.8588,-12.6801
7,10,31.6,2.59,-110.3144,46.3929,5412.9337,-14.6808
7,11,32.87,2.59,-110.4947,44.8238,5418.0513,-11.9735
7,12,34.14,2.59,-110.6616,43.2721,5419.7019,-11.4075
7,13,35.41,2.59,-110.8167,41.7379,5417.734,-14.2647
7,14,36.68,2.59,-110.961,40.2217,5419.842,-15.0447
7,15,37.95,2.59,-111.0957,38.7236,5421.5404,-21.5996
7,16,39.22,2.59,-111.2218,37.2438,5427.5611,-33.1865
7,17,40.49,2.59,-111.34,35.7825,5453.7533,-32.9123
7,18,41.76,2.59,-111.451,34.3399,5500.1298,-13.0695
7,19,43.03,2.59,-111.5555,32.9161,5550.9432,16.4309
7,20,44.3,2.59,-111.654,31.511,5595.5411,46.2673
7,21,45.57,2.59,-111.7471,30.1249,5634.8159,76.1926
8,0,18.9,3.86,-103.4571,62.6416,5208.5749,-18.2166
8,1,20.17,3.86,-104.1661,60.9472,5220.3386,-20.9647
8,2,21.44,3.86,-104.794,59.262,5243.8625,-19.8685
8,3,22.71,3.86,-105.3537,57.5872,5281.4129,-15.4559
8,4,23.98,3.86,-105.8557,55.9239,5320.8403,-12.5169
8,5,25.25,3.86,-106.3084,54.273,5357.6998,-7.0021
8,6,26.52,3.86,-106.7187,52.6355,5387.3141,-5.5103
8,7,27.79,3.86,-107.0923,51.012,5409.721,-7.8532
8,8,29.06,3.86,-107.4338,49.4033,5424.3529,-9.2356
8,9,30.33,3.86,-107.7471,47.8099,5431.707,-10.276
8,10,31.6,3.86,-108.0357,46.2323,5434.6733,-11.6422
8,11,32.87,3.86,-108.3023,44.6711,5440.3699,-7.1191
8,12,34.14,3.86,-108.5493,43.1267,5439.8374,-5.91
8,13,35.41,3.86,-108.7788,41.5993,5434.8273,-8.2348
8,14,36.68,3.86,-108.9926,40.0894,5430.6922,-11.2855
8,15,37.95,3.86,-109.1923,38.5973,5428.0636,-17.2822
8,16,39.22,3.86,-109.3791,37.1231,5423.8507,-33.6401
8,17,40.49,3.86,-109.5543,35.6671,5448.5914,-31.2547
8,18,41.76,3.86,-109.719,34.2294,5488.8493,-16.492
8,19,43.03,3.86,-109.874,32.8102,5535.8852,9.4633
8,20,44.3,3.86,-110.0202,31.4096,5576.2205,35.1038
8,21,45.57,3.86,-110.1583,30.0276,5622.9958,71.9681
9,0,18.9,5.13,-99.8142,62.241,5215.5274,-14.8907
9,1,20.17,5.13,-100.7301,60.5734,5237.1216,-9.4828
9,2,21.44,5.13,-101.5437,58.9121,5256.27,-17.0942
9,3,22.71,5.13,-102.271,57.2588,5295.4788,-14.4911
9,4,23.98,5.13,-102.9248,55.615,5334.4006,-10.9424
9,5,25.25,5.13,-103.5156,53.9818,5366.7233,-8.0339
9,6,26.52,5.13,-104.052,52.3604,5399.7293,-5.3413
9,7,27.79,5.13,-104.541,50.7517,5428.1409,-6.8485
9,8,29.06,5.13,-104.9886,49.1566,5447.3927,-7.0378
9,9,30.33,5.13,-105.3999,47.5758,5455.3321,-8.3536
9,10,31.6,5.13,-105.7789,46.0099,5459.2029,-7.8833
9,11,32.87,5.13,-106.1294,44.4595,5456.9905,-9.0408
9,12,34.14,5.13,-106.4545,42.9251,5449.3686,-12.1014
9,13,35.41,5.13,-106.7567,41.4071,5441.7091,-14.1807
9,14,36.68,5.13,-107.0384,39.906,5430.7791,-20.9487
9,15,37.95,5.13,-107.3015,38.4221,5422.5711,-28.3921
9,16,39.22,5.13,-107.548,36.9556,5418.1474,-39.0943
9,17,40.49,5.13,-107.7792,35.5069,5436.7109,-37.3565
9,18,41.76,5.13,-107.9966,34.076,5474.1938,-22.9304
9,19,43.03,5.13,-108.2013,32.6633,5518.5426,0.3899
9,20,44.3,5.13,-108.3945,31.2687,5559.1121,25.2908
9,21,45.57,5.13,-108.577,29.8925,5614.7448,68.794
10,0,18.9,6.4,-96.2926,61.7369,5217.9647,-16.617
10,1,20.17,6.4,-97.3956,60.1021,5240.7624,-9.8413
10,2,21.44,6.4,-98.3792,58.4702,5269.2874,-7.4534
10,3,22.71,6.4,-99.2614,56.8435,5307.5749,-6.3454
10,4,23.98,6.4,-100.0567,55.2238,5341.5929,-10.3372
10,5,25.25,6.4,-100.777,53.6126,5376.5528,-8.7264
10,6,26.52,6.4,-101.4324,52.0114,5414.4548,-6.3784
10,7,27.79,6.4,-102.031,50.4212,5450.6686,-5.1901
10,8,29.06,6.4,-102.5798,48.8432,5473.4675,-3.841
10,9,30.33,6.4,-103.0847,47.2781,5481.1914,-4.4893
10,10,31.6,6.4,-103.5507,45.7269,5483.5553,-3.3597
10,11,32.87,6.4,-103.982,44.1901,5478.2304,-5.3695
10,12,34.14,6.4,-104.3824,42.6684,5467.1181,-10.1269
10,13,35.41,6.4,-104.755,41.1623,5454.3712,-15.8417
10,14,36.68,6.4,-105.1026,39.6723,5441.0211,-23.548
10,15,37.95,6.4,-105.4275,38.1987,5423.1223,-38.4164
10,16,39.22,6.4,-105.732,36.7421,5411.9871,-51.544
10,17,40.49,6.4,-106.0179,35.3025,5421.84,-52.76
10,18,41.76,6.4,-106.2868,33.8803,5455.1805,-38.8723
10,19,43.03,6.4,-106.5402,32.4757,5499.3765,-15.7908
10,20,44.3,6.4,-106.7794,31.0889,5545.0331,11.5482
10,21,45.57,6.4,-107.0055,29.72,5611.7525,61.0953
11,0,18.9,7.67,-92.9117,61.1356,5210.2945,-27.185
11,1,20.17,7.67,-94.1798,59.5386,5235.6654,-17.6893
11,2,21.44,7.67,-95.3157,57.9409,5266.3663,-12.7364
11,3,22.71,7.67,-96.3383,56.3452,5311.2176,-7.6625
11,4,23.98,7.67,-97.2631,54.7538,5353.0466,-11.0135
11,5,25.25,7.67,-98.1032,53.1686,5394.3564,-10.9456
11,6,26.52,7.67,-98.8693,51.5911,5437.5376,-7.7609
11,7,27.79,7.67,-99.5706,50.0229,5475.682,-4.5256
11,8,29.06,7.67,-100.2147,48.4651,5499.2108,-0.5914
11,9,30.33,7.67,-100.8083,46.9188,5507.186,0.9117
11,10,31.6,7.67,-101.3569,45.385,5511.1353,5.1017
11,11,32.87,7.67,-101.8654,43.8644,5504.6509,2.5305
11,12,34.14,7.67,-102.338,42.3579,5493.9424,-2.0492
11,13,35.41,7.67,-102.7782,40.866,5478.8459,-10.5885
11,14,36.68,7.67,-103.1893,39.3893,5460.5453,-23.566
11,15,37.95,7.67,-103.574,37.9283,5435.1088,-45.7679
11,16,39.22,7.67,-103.9347,36.4833,5415.8973,-65.1946
11,17,40.49,7.67,-104.2736,35.0548,5420.1428,-68.2939
11,18,41.76,7.67,-104.5926,33.6431,5444.4719,-60.9363
11,19,43.03,7.67,-104.8933,32.2483,5494.3692,-34.0108
11,20,44.3,7.67,-105.1773,30.8708,5545.8453,-6.3764
11,21,45.57,7.67,-105.446,29.5107,5611.0357,34.2637
12,0,18.9,8.94,-89.6851,60.4442,5192.4679,-44.3124
12,1,20.17,8.94,-91.0955,58.8889,5216.7928,-39.3543
12,2,21.44,8.94,-92.365,57.3293,5262.6275,-25.3978
12,3,22.71,8.94,-93.5125,55.7685,5320.9477,-16.2255
12,4,23.98,8.94,-94.554,54.2089,5377.0053,-14.081
12,5,25.25,8.94,-95.503,52.653,5423.2401,-12.6836
12,6,26.52,8.94,-96.3708,51.1026,5463.4212,-9.7821
12,7,27.79,8.94,-97.1671,49.5593,5500.6,-2.2641
12,8,29.06,8.94,-97.9,48.0247,5522.3065,2.1502
12,9,30.33,8.94,-98.5767,46.4999,5532.7719,5.9043
12,10,31.6,8.94,-99.2032,44.9861,5540.4594,12.4691
12,11,32.87,8.94,-99.7847,43.4843,5535.7697,9.3973
12,12,34.14,8.94,-100.3259,41.9953,5526.8313,3.7885
12,13,35.41,8.94,-100.8306,40.5197,5515.5004,-3.4161
12,14,36.68,8.94,-101.3024,39.0584,5496.7278,-18.5084
12,15,37.95,8.94,-101.7443,37.6118,5470.1111,-42.729
12,16,39.22,8.94,-102.1591,36.1805,5447.2226,-65.4317
12,17,40.49,8.94,-102.5491,34.7648,5443.2536,-74.8561
12,18,41.76,8.94,-102.9165,33.3652,5465.7435,-68.3976
12,19,43.03,8.94,-103.2631,31.9819,5513.4547,-46.6215
12,20,44.3,8.94,-103.5906,30.6152,5564.7011,-24.7232
12,21,45.57,8.94,-103.9006,29.2654,5613.987,-4.2213
13,0,18.9,10.21,-86.6216,59.67,5160.5883,-68.3967
13,1,20.17,10.21,-88.1516,58.1597,5211.4147,-47.6907
13,2,21.44,10.21,-89.5356,56.6412,5277.0451,-30.7591
13,3,22.71,10.21,-90.7922,55.1182,5342.0578,-28.4751
13,4,23.98,10.21,-91.9371,53.5936,5406.2954,-18.6332
13,5,25.25,10.21,-92.9837,52.0698,5448.4783,-14.617
13,6,26.52,10.21,-93.9437,50.5492,5481.5732,-11.9411
13,7,27.79,10.21,-94.8268,49.0336,5515.2085,-4.5469
13,8,29.06,10.21,-95.6415,47.5247,5541.7881,3.1033
13,9,30.33,10.21,-96.3952,46.0239,5557.7584,8.0108
13,10,31.6,10.21,-97.0943,44.5325,5565.6804,9.7959
13,11,32.87,10.21,-97.7443,43.0516,5572.8616,13.5344
13,12,34.14,10.21,-98.35,41.5822,5570.0876,9.6073
13,13,35.41,10.21,-98.9158,40.1251,5561.3246,1.78
13,14,36.68,10.21,-99.4453,38.681,5547.3869,-10.1604
13,15,37.95,10.21,-99.9418,37.2507,5522.3439,-33.3522
13,16,39.22,10.21,-100.4083,35.8348,5501.4407,-53.9024
13,17,40.49,10.21,-100.8473,34.4336,5489.7315,-70.1076
13,18,41.76,10.21,-101.2611,33.0476,5508.8476,-65.9772
13,19,43.03,10.21,-101.6519,31.6773,5553.223,-48.142
13,20,44.3,10.21,-102.0214,30.3229,5608.4408,-23.4986
13,21,45.57,10.21,-102.3714,28.9847,5658.4758,-1.5271
14,0,18.9,11.48,-83.7252,58.8207,5138.268,-82.5354
14,1,20.17,11.48,-85.3531,57.3574,5205.0097,-58.8598
14,2,21.44,11.48,-86.8333,55.8824,5295.7725,-37.0286
14,3,22.71,11.48,-88.1832,54.3996,5370.6487,-31.9518
14,4,23.98,11.48,-89.4181,52.9123,5424.8472,-23.7649
14,5,25.25,11.48,-90.5509,51.4231,5462.0442,-16.7216
14,6,26.52,11.48,-91.5931,49.9347,5489.2301,-17.0861
14,7,27.79,11.48,-92.5546,48.4491,5522.7321,-11.3512
14,8,29.06,11.48,-93.4438,46.9681,5554.2841,-3.6409
14,9,30.33,11.48,-94.2682,45.4934,5579.3909,3.9213
14,10,31.6,11.48,-95.0344,44.0265,5596.3988,8.5749
14,11,32.87,11.48,-95.748,42.5685,5603.6757,7.5215
14,12,34.14,11.48,-96.4141,41.1206,5606.8962,6.1047
14,13,35.41,11.48,-97.0372,39.6838,5607.0204,4.5896
14,14,36.68,11.48,-97.6211,38.2588,5600.6375,-1.694
14,15,37.95,11.48,-98.1693,36.8465,5582.5394,-19.3858
14,16,39.22,11.48,-98.6848,35.4475,5562.5295,-40.4051
14,17,40.49,11.48,-99.1705,34.0624,5554.7995,-53.3247
14,18,41.76,11.48,-99.6289,32.6917,5570.2587,-51.6922
14,19,43.03,11.48,-100.062,31.3357,5614.402,-31.8416
14,20,44.3,11.48,-100.4718,29.995,5662.9492,-11.601
14,21,45.57,11.48,-100.8603,28.6697,5710.8153,10.786
15,0,18.9,12.75,-80.9963,57.9037,5140.4853,-86.3564
15,1,20.17,12.75,-82.7019,56.4888,5216.3378,-60.9131
15,2,21.44,12.75,-84.2608,55.0589,5318.0325,-34.5198
15,3,22.71,12.75,-85.689,53.618,5388.3621,-30.9136
15,4,23.98,12.75,-87.0007,52.1698,5435.21,-24.3401
15,5,25.25,12.75,-88.2085,50.7172,5467.5753,-21.3357
15,6,26.52,12.75,-89.3232,49.2628,5494.6087,-25.491
15,7,27.79,12.75,-90.3544,47.8091,5528.8325,-23.7817
15,8,29.06,12.75,-91.3107,46.358,5567.2632,-13.4222
15,9,30.33,12.75,-92.1993,44.9113,5599.4692,-2.719
15,10,31.6,12.75,-93.0269,43.4707,5622.1522,4.2925
15,11,32.87,12.75,-93.7991,42.0374,5635.9969,7.5591
15,12,34.14,12.75,-94.5212,40.6128,5642.039,6.9611
15,13,35.41,12.75,-95.1977,39.1978,5645.4179,5.8307
15,14,36.68,12.75,-95.8325,37.7936,5643.0665,-0.1627
15,15,37.95,12.75,-96.4293,36.4008,5640.2909,-6.4144
15,16,39.22,12.75,-96.9912,35.0203,5630.9066,-20.2248
15,17,40.49,12.75,-97.5212,33.6526,5628.9657,-29.4236
15,18,41.76,12.75,-98.0217,32.2985,5648.8004,-22.5966
15,19,43.03,12.75,-98.4952,30.9582,5683.5544,-8.5692
15,20,44.3,12.75,-98.9436,29.6324,5727.461,11.0332
15,21,45.57,12.75,-99.3689,28.3213,5770.0275,31.6697
16,0,18.9,14.02,-78.432,56.9262,5175.1863,-71.2264
16,1,20.17,14.02,-80.1972,55.5603,5257.7473,-41.9195
16,2,21.44,14.02,-81.8186,54.1765,5347.9362,-20.3153
16,3,22.71,14.02,-83.3109,52.7788,5411.7571,-14.8762
16,4,23.98,14.02,-84.6871,51.371,5448.265,-18.5641
16,5,25.25,14.02,-85.9589,49.9563,5479.0268,-24.1672
16,6,26.52,14.02,-87.1365,48.5375,5511.0886,-31.6243
16,7,27.79,14.02,-88.2291,47.1172,5545.9577,-32.5655
16,8,29.06,14.02,-89.245,45.6976,5581.4105,-24.4034
16,9,30.33,14.02,-90.1913,44.2805,5615.1419,-11.2405
16,10,31.6,14.02,-91.0745,42.8677,5640.6223,-1.426
16,11,32.87,14.02,-91.9004,41.4607,5662.0758,8.5049
16,12,34.14,14.02,-92.6739,40.0608,5671.2808,8.6142
16,13,35.41,14.02,-93.3997,38.6693,5682.5143,11.0803
16,14,36.68,14.02,-94.0819,37.2871,5689.3558,9.0812
16,15,37.95,14.02,-94.7241,35.9153,5690.0526,1.5655
16,16,39.22,14.02,-95.3295,34.5546,5692.3369,-3.9592
16,17,40.49,14.02,-95.9012,33.2058,5697.7614,-7.317
16,18,41.76,14.02,-96.4417,31.8694,5717.7773,0.8749
16,19,43.03,14.02,-96.9534,30.5461,5746.7999,13.2665
16,20,44.3,14.02,-97.4385,29.2364,5784.85,32.0207
16,21,45.57,14.02,-97.899,27.9406,5820.7988,50.615
17,0,18.9,15.29,-76.0273,55.8952,5221.3633,-50.2642
17,1,20.17,15.29,-77.8358,54.5785,5304.1771,-19.466
17,2,21.44,15.29,-79.5053,53.241,5380.7944,-2.2452
17,3,22.71,15.29,-81.0487,51.8871,5432.4434,-3.5209
17,4,23.98,15.29,-82.4778,50.5206,5468.7399,-12.3306
17,5,25.25,15.29,-83.8032,49.1449,5501.523,-26.2835
17,6,26.52,15.29,-85.0346,47.7628,5538.9058,-34.1623
17,7,27.79,15.29,-86.1805,46.3772,5571.4964,-34.6584
17,8,29.06,15.29,-87.2488,44.9902,5600.8579,-27.5561
17,9,30.33,15.29,-88.2464,43.604,5632.3989,-13.4204
17,10,31.6,15.29,-89.1795,42.2203,5657.9536,-2.6551
17,11,32.87,15.29,-90.0538,40.8409,5679.8542,6.4265
17,12,34.14,15.29,-90.8742,39.4671,5695.5957,9.55
17,13,35.41,15.29,-91.6454,38.1003,5712.0873,12.3761
17,14,36.68,15.29,-92.3713,36.7415,5726.595,13.5513
17,15,37.95,15.29,-93.0556,35.3918,5737.7184,13.3887
17,16,39.22,15.29,-93.7016,34.0522,5746.905,13.1006
17,17,40.49,15.29,-94.3123,32.7233,5754.6538,11.8519
17,18,41.76,15.29,-94.8903,31.406,5772.2124,19.3777
17,19,43.03,15.29,-95.4382,30.1007,5796.4176,31.2004
17,20,44.3,15.29,-95.9581,28.8082,5826.1896,46.9763
17,21,45.57,15.29,-96.452,27.5287,5854.3637,62.458
18,0,18.9,16.56,-73.7755,54.8171,5263.9496,-32.7411
18,1,20.17,16.56,-75.6133,53.5491,5343.163,-1.907
18,2,21.44,16.56,-77.3179,52.258,5408.0415,8.7127
18,3,22.71,16.56,-78.9007,50.9481,5455.2413,0.9694
18,4,23.98,16.56,-80.372,49.6234,5488.941,-18.7234
18,5,25.25,16.56,-81.7415,48.2872,5532.1095,-27.3883
18,6,26.52,16.56,-83.0179,46.9427,5570.8529,-30.5741
18,7,27.79,16.56,-84.2094,45.5925,5597.8143,-30.6977
18,8,29.06,16.56,-85.3231,44.2392,5622.8466,-23.8222
18,9,30.33,16.56,-86.3657,42.8849,5648.9035,-13.0506
18,10,31.6,16.56,-87.3432,41.5314,5674.5279,-1.8562
18,11,32.87,16.56,-88.2609,40.1806,5699.503,8.5793
18,12,34.14,16.56,-89.1238,38.834,5716.3505,9.1729
18,13,35.41,16.56,-89.9362,37.493,5736.3578,11.6938
18,14,36.68,16.56,-90.7021,36.1587,5753.6562,13.4682
18,15,37.95,16.56,-91.4253,34.8323,5773.1162,20.8233
18,16,39.22,16.56,-92.1089,33.5148,5787.098,25.0625
18,17,40.49,16.56,-92.7559,32.207,5799.5173,28.8807
18,18,41.76,16.56,-93.3691,30.9096,5810.8211,31.9515
18,19,43.03,16.56,-93.9509,29.6235,5827.6216,40.2067
18,20,44.3,16.56,-94.5035,28.3491,5850.5284,54.0937
18,21,45.57,16.56,-95.029,27.0869,5870.7724,65.8059
19,0,18.9,17.83,-71.6686,53.698,5294.4879,-27.5246
19,1,20.17,17.83,-73.5238,52.4779,5370.581,2.6038
19,2,21.44,17.83,-75.2523,51.2327,5434.6083,11.0854
19,3,22.71,17.83,-76.8639,49.9667,5470.8067,-14.8327
19,4,23.98,17.83,-78.3679,48.6838,5519.9253,-23.3966
19,5,25.25,17.83,-79.7726,47.3875,5561.928,-27.9212
19,6,26.52,17.83,-81.0862,46.081,5595.4472,-27.7388
19,7,27.79,17.83,-82.3159,44.7669,5621.4067,-24.2443
19,8,29.06,17.83,-83.4685,43.4479,5646.6471,-15.7691
19,9,30.33,17.83,-84.5501,42.1262,5672.3162,-4.9633
19,10,31.6,17.83,-85.5665,40.8038,5696.4219,4.3773
19,11,32.87,17.83,-86.5228,39.4825,5718.685,10.2473
19,12,34.14,17.83,-87.4237,38.164,5736.4222,8.7314
19,13,35.41,17.83,-88.2734,36.8497,5757.5089,10.3015
19,14,36.68,17.83,-89.0758,35.5408,5777.4211,14.5516
19,15,37.95,17.83,-89.8345,34.2387,5794.9848,20.5472
19,16,39.22,17.83,-90.5527,32.9442,5812.3314,28.5692
19,17,40.49,17.83,-91.2334,31.6583,5828.5154,36.7958
19,18,41.76,17.83,-91.8793,30.3819,5835.5811,37.2202
19,19,43.03,17.83,-92.4927,29.1157,5845.6753,41.8538
19,20,44.3,17.83,-93.076,27.8604,5856.6663,48.1113
19,21,45.57,17.83,-93.6313,26.6165,5873.682,60.5059
20,0,18.9,19.1,-69.6984,52.5434,5316.2384,-34.795
20,1,20.17,19.1,-71.5608,51.3701,5396.9151,-1.4383
20,2,21.44,19.1,-73.3035,50.17,5436.2746,-22.0317
20,3,22.71,19.1,-74.9348,48.9475,5501.1305,-22.1742
20,4,23.98,19.1,-76.4628,47.7063,5550.9663,-24.7948
20,5,25.25,19.1,-77.8948,46.4499,5587.1068,-25.2928
20,6,26.52,19.1,-79.2381,45.1814,5615.9735,-22.8473
20,7,27.79,19.1,-80.4994,43.9038,5643.0743,-16.2511
20,8,29.06,19.1,-81.6846,42.6196,5668.8985,-7.5699
20,9,30.33,19.1,-82.7998,41.3311,5693.534,1.5628
20,10,31.6,19.1,-83.85,40.0404,5716.5892,9.0092
20,11,32.87,19.1,-84.8401,38.7493,5736.344,10.5651
20,12,34.14,19.1,-85.7747,37.4595,5758.9445,11.5554
20,13,35.41,19.1,-86.6578,36.1727,5777.6426,9.6749
20,14,36.68,19.1,-87.4931,34.89,5797.1999,14.0455
20,15,37.95,19.1,-88.2842,33.6128,5816.0294,22.1717
20,16,39.22,19.1,-89.0341,32.3422,5831.3438,28.9941
20,17,40.49,19.1,-89.7457,31.0791,5843.4503,34.1718
20,18,41.76,19.1,-90.4218,29.8245,5849.3954,35.0262
20,19,43.03,19.1,-91.0647,28.579,5850.605,33.0676
20,20,44.3,19.1,-91.6767,27.3435,5858.9773,39.8742
20,21,45.57,19.1,-92.2597,26.1186,5868.9402,48.8613
21,0,18.9,20.37,-67.8562,51.3583,5323.4006,-56.9218
21,1,20.17,20.37,-69.7173,50.2306,5407.7058,-23.4703
21,2,21.44,20.37,-71.466,49.0747,5460.4014,-31.316
21,3,22.71,20.37,-73.1091,47.8949,5527.8004,-23.3719
21,4,23.98,20.37,-74.6535,46.6949,5577.5319,-17.8954
21,5,25.25,20.37,-76.1057,45.4782,5609.1197,-16.5115
21,6,26.52,20.37,-77.4721,44.2478,5638.0765,-11.0174
21,7,27.79,20.37,-78.7587,43.0068,5661.7889,-7.93
21,8,29.06,20.37,-79.9709,41.7575,5686.7032,-1.4937
21,9,30.33,20.37,-81.1142,40.5025,5709.6454,4.7938
21,10,31.6,20.37,-82.1934,39.2439,5732.3523,10.9637
21,11,32.87,20.37,-83.2129,37.9834,5753.9885,13.2206
21,12,34.14,20.37,-84.1771,36.723,5777.6236,13.8415
21,13,35.41,20.37,-85.0899,35.4642,5793.9941,8.7948
21,14,36.68,20.37,-85.9547,34.2084,5812.6951,12.2554
21,15,37.95,20.37,-86.7749,32.9568,5831.866,21.0773
21,16,39.22,20.37,-87.5536,31.7107,5846.0985,27.4986
21,17,40.49,20.37,-88.2936,30.4711,5857.2525,32.7263
21,18,41.76,20.37,-88.9975,29.2389,5861.833,33.4732
21,19,43.03,20.37,-89.6676,28.0149,5861.6738,31.5819
21,20,44.3,20.37,-90.3061,26.7999,5860.7003,30.768
21,21,45.57,20.37,-90.9151,25.5946,5860.6328,32.2826
22,0,18.9,21.64,-66.1334,50.1474,5333.3735,-70.9603
22,1,20.17,21.64,-67.9864,49.0638,5410.9695,-46.5854
22,2,21.44,21.64,-69.734,47.9511,5483.9399,-30.3525
22,3,22.71,21.64,-71.3821,46.8131,5542.6131,-23.0061
22,4,23.98,21.64,-72.9363,45.6537,5593.1818,-10.8414
22,5,25.25,21.64,-74.4024,44.4761,5626.2659,-5.3679
22,6,26.52,21.64,-75.786,43.2836,5655.8318,1.1935
22,7,27.79,21.64,-77.0922,42.0789,5678.4134,1.823
22,8,29.06,21.64,-78.3262,40.8648,5700.465,3.2964
22,9,30.33,21.64,-79.4927,39.6434,5722.5864,7.1296
22,10,31.6,21.64,-80.5963,38.417,5745.3966,12.5507
22,11,32.87,21.64,-81.641,37.1876,5765.9019,13.4993
22,12,34.14,21.64,-82.631,35.9569,5788.5987,13.2674
22,13,35.41,21.64,-83.5698,34.7266,5806.3041,9.2263
22,14,36.68,21.64,-84.4608,33.498,5822.5711,9.7164
22,15,37.95,21.64,-85.3072,32.2727,5839.4858,15.9938
22,16,39.22,21.64,-86.1119,31.0516,5853.7104,22.4037
22,17,40.49,21.64,-86.8776,29.836,5865.7152,28.5419
22,18,41.76,21.64,-87.6068,28.6268,5872.0992,31.0501
22,19,43.03,21.64,-88.302,27.4249,5871.9294,28.9825
22,20,44.3,21.64,-88.9651,26.231,5864.9598,21.8907
22,21,45.57,21.64,-89.5982,25.046,5865.5103,24.0941
23,0,18.9,22.91,-64.5215,48.9149,5346.341,-77.7123
23,1,20.17,22.91,-66.3607,47.874,5430.5852,-46.7081
23,2,21.44,22.91,-68.1016,46.803,5498.0291,-30.6029
23,3,22.71,22.91,-69.7488,45.7059,5557.5808,-15.0439
23,4,23.98,22.91,-71.3072,44.5862,5603.6365,-3.1424
23,5,25.25,22.91,-72.7817,43.4472,5635.6684,2.5759
23,6,26.52,22.91,-74.177,42.2921,5665.5862,9.1885
23,7,27.79,22.91,-75.4979,41.1236,5691.4367,11.2849
23,8,29.06,22.91,-76.7489,39.9443,5710.2673,6.8459
23,9,30.33,22.91,-77.9341,38.7566,5732.8987,9.0827
23,10,31.6,22.91,-79.0579,37.5626,5755.1188,13.0741
23,11,32.87,22.91,-80.124,36.3643,5774.2793,13.1328
23,12,34.14,22.91,-81.136,35.1635,5793.6009,10.6552
23,13,35.41,22.91,-82.0974,33.962,5810.674,6.3109
23,14,36.68,22.91,-83.0115,32.7611,5827.3787,6.6738
23,15,37.95,22.91,-83.8811,31.5623,5841.8775,9.9581
23,16,39.22,22.91,-84.7091,30.3667,5856.5656,16.3389
23,17,40.49,22.91,-85.498,29.1756,5867.4621,20.5223
23,18,41.76,22.91,-86.2503,27.9898,5877.4475,25.0765
23,19,43.03,22.91,-86.9683,26.8105,5873.5554,17.0265
23,20,44.3,22.91,-87.654,25.6383,5872.041,12.5555
23,21,45.57,22.91,-88.3094,24.474,5867.3929,6.1339
24,0,18.9,24.18,-63.0125,47.6646,5370.3165,-70.9691
24,1,20.17,24.18,-64.8335,46.6647,5453.1408,-38.3564
24,2,21.44,24.18,-66.5629,45.6342,5513.5182,-23.5512
24,3,22.71,24.18,-68.2044,44.5768,5563.5332,-11.8743
24,4,23.98,24.18,-69.7621,43.4959,5605.6978,-0.8238
24,5,25.25,24.18,-71.2401,42.3948,5637.1991,5.2166
24,6,26.52,24.18,-72.6425,41.2765,5667.846,12.1642
24,7,27.79,24.18,-73.9736,40.1437,5694.0791,12.8743
24,8,29.06,24.18,-75.2371,38.999,5715.768,8.439
24,9,30.33,24.18,-76.4371,37.8447,5740.1773,10.1255
24,10,31.6,24.18,-77.5771,36.683,5760.7182,11.5849
24,11,32.87,24.18,-78.6609,35.5159,5779.1896,11.5201
24,12,34.14,24.18,-79.6916,34.3452,5796.7296,8.5489
24,13,35.41,24.18,-80.6725,33.1726,5812.027,3.0047
24,14,36.68,24.18,-81.6065,31.9996,5828.2648,2.4063
24,15,37.95,24.18,-82.4966,30.8276,5841.8973,4.0419
24,16,39.22,24.18,-83.3452,29.6578,5855.9757,8.9733
24,17,40.49,24.18,-84.155,28.4915,5867.8662,13.0918
24,18,41.76,24.18,-84.9282,27.3297,5876.4475,14.9521
24,19,43.03,24.18,-85.6669,26.1732,5877.1077,10.166
24,20,44.3,24.18,-86.3732,25.0231,5876.8647,5.9038
24,21,45.57,24.18,-87.049,23.88,5876.1987,2.5194
25,0,18.9,25.45,-61.5988,46.3999,5410.4996,-45.3186
25,1,20.17,25.45,-63.398,45.4394,5470.3322,-29.077
25,2,21.44,25.45,-65.112,44.448,5523.0745,-16.209
25,3,22.71,25.45,-66.7437,43.4291,5565.4306,-8.7498
25,4,23.98,25.45,-68.2966,42.386,5598.1312,-5.8524
25,5,25.25,25.45,-69.774,41.322,5631.6475,2.2804
25,6,26.52,25.45,-71.1795,40.2398,5662.5012,8.8447
25,7,27.79,25.45,-72.5166,39.1422,5690.7651,9.9639
25,8,29.06,25.45,-73.789,38.0316,5714.8438,5.2273
25,9,30.33,25.45,-74.9999,36.9105,5744.7457,10.1463
25,10,31.6,25.45,-76.1527,35.7809,5764.8904,10.4195
25,11,32.87,25.45,-77.2507,34.6449,5781.8942,9.3802
25,12,34.14,25.45,-78.2969,33.5042,5798.0547,6.0225
25,13,35.41,25.45,-79.2943,32.3606,5811.7654,-0.8217
25,14,36.68,25.45,-80.2456,31.2156,5828.047,-2.1629
25,15,37.95,25.45,-81.1534,30.0706,5845.5413,2.1465
25,16,39.22,25.45,-82.0203,28.9268,5859.9031,6.3045
25,17,40.49,25.45,-82.8486,27.7856,5870.5912,8.6891
25,18,41.76,25.45,-83.6404,26.6479,5878.5479,10.1849
25,19,43.03,25.45,-84.3979,25.5147,5880.5365,7.6423
25,20,44.3,25.45,-85.123,24.3869,5879.3549,3.5865
25,21,45.57,25.45,-85.8175,23.2653,5876.2858,-1.1903
26,0,18.9,26.72,-60.2731,45.1239,5443.4617,-23.7313
26,1,20.17,26.72,-62.0479,44.2012,5491.035,-10.3551
26,2,21.44,26.72,-63.7434,43.2475,5533.4069,-1.9371
26,3,22.71,26.72,-65.362,42.2658,5570.6864,2.0688
26,4,23.98,26.72,-66.9066,41.2595,5591.7117,-7.3702
26,5,25.25,26.72,-68.3798,40.2316,5624.9033,-0.6604
26,6,26.52,26.72,-69.7848,39.1847,5655.2215,4.3501
26,7,27.79,26.72,-71.1245,38.1216,5686.1687,6.5933
26,8,29.06,26.72,-72.4022,37.0447,5711.8182,0.9557
26,9,30.33,26.72,-73.6207,35.9564,5741.6871,3.7511
26,10,31.6,26.72,-74.7832,34.8586,5766.3973,7.927
26,11,32.87,26.72,-75.8924,33.7535,5782.6333,6.5584
26,12,34.14,26.72,-76.9511,32.6427,5796.0042,0.94
26,13,35.41,26.72,-77.9622,31.528,5814.4798,-1.7101
26,14,36.68,26.72,-78.9281,30.411,5832.0645,-3.3895
26,15,37.95,26.72,-79.8512,29.293,5853.5125,3.3699
26,16,39.22,26.72,-80.734,28.1754,5867.302,6.4996
26,17,40.49,26.72,-81.5785,27.0594,5876.6567,8.3551
26,18,41.76,26.72,-82.387,25.946,5881.1912,7.9897
26,19,43.03,26.72,-83.1613,24.8363,5881.441,5.2912
26,20,44.3,26.72,-83.9033,23.7312,5879.0988,1.2732
26,21,45.57,26.72,-84.6147,22.6315,5876.0866,-2.6701
27,0,18.9,27.99,-59.0288,43.8394,5477.5233,1.9416
27,1,20.17,27.99,-60.7771,42.953,5509.6396,9.7741
27,2,21.44,27.99,-62.4517,42.0354,5541.656,14.4883
27,3,22.71,27.99,-64.0545,41.0898,5571.9586,12.9032
27,4,23.98,27.99,-65.5878,40.1191,5576.8066,-14.859
27,5,25.25,27.99,-67.0539,39.1263,5605.7365,-14.7263
27,6,26.52,27.99,-68.4552,38.1139,5633.5135,-13.3249
27,7,27.79,27.99,-69.7946,37.0846,5664.1709,-11.9848
27,8,29.06,27.99,-71.0745,36.0408,5695.5177,-13.5972
27,9,30.33,27.99,-72.2977,34.9847,5726.3135,-12.2547
27,10,31.6,27.99,-73.4668,33.9184,5755.5065,-4.9922
27,11,32.87,27.99,-74.5844,32.8438,5782.774,4.4383
27,12,34.14,27.99,-75.6531,31.7628,5802.713,4.9119
27,13,35.41,27.99,-76.6752,30.6769,5818.6159,-2.4949
27,14,36.68,27.99,-77.6532,29.5878,5846.4846,3.5194
27,15,37.95,27.99,-78.5894,28.4968,5864.1908,5.8452
27,16,39.22,27.99,-79.4858,27.4054,5877.2678,9.5125
27,17,40.49,27.99,-80.3446,26.3147,5884.0163,10.7991
27,18,41.76,27.99,-81.1677,25.2257,5886.0035,9.7302
27,19,43.03,27.99,-81.9569,24.1396,5884.5868,6.648
27,20,44.3,27.99,-82.7141,23.0573,5881.2029,2.3632
27,21,45.57,27.99,-83.4409,21.9796,5877.5532,-1.7797