i-index (unitless),j-index (unitless),X-value (cm),Y-value (cm),Longitude (deg),Latitude (deg),Station Count,500mb Height Analysis (m)
0,0,18.9,-6.3,-133.4349,61.7802,18.0,5307.8066
0,1,20.17,-6.3,-132.3459,60.1426,15.0,5345.0398
0,2,21.44,-6.3,-131.3751,58.5082,15.0,5364.2474
0,3,22.71,-6.3,-130.5046,56.8793,15.0,5388.4913
0,4,23.98,-6.3,-129.72,55.2575,16.0,5405.5429
0,5,25.25,-6.3,-129.0095,53.6445,13.0,5421.6989
0,6,26.52,-6.3,-128.3633,52.0415,15.0,5441.4716
0,7,27.79,-6.3,-127.7731,50.4498,14.0,5477.8721
0,8,29.06,-6.3,-127.232,48.8702,16.0,5494.7595
0,9,30.33,-6.3,-126.7343,47.3038,14.0,5526.4937
0,10,31.6,-6.3,-126.2751,45.7513,14.0,5544.4257
0,11,32.87,-6.3,-125.85,44.2134,15.0,5564.6153
0,12,34.14,-6.3,-125.4554,42.6906,14.0,5592.6526
0,13,35.41,-6.3,-125.0883,41.1834,14.0,5605.5378
0,14,36.68,-6.3,-124.7458,39.6925,14.0,5640.1522
0,15,37.95,-6.3,-124.4256,38.2181,13.0,5679.6935
0,16,39.22,-6.3,-124.1256,36.7605,12.0,5721.4971
0,17,40.49,-6.3,-123.844,35.3202,12.0,5767.771
0,18,41.76,-6.3,-123.5791,33.8972,13.0,5822.3341
0,19,43.03,-6.3,-123.3295,32.492,10.0,5820.5628
0,20,44.3,-6.3,-123.0939,31.1045,9.0,5854.2012
0,21,45.57,-6.3,-122.8712,29.7349,8.0,5994.2445
1,0,18.9,-5.03,-129.9031,62.2764,16.0,5309.5831
1,1,20.17,-5.03,-129.0028,60.6065,15.0,5327.2239
1,2,21.44,-5.03,-128.2033,58.9431,14.0,5358.3266
1,3,22.71,-5.03,-127.4887,57.2879,16.0,5382.2195
1,4,23.98,-5.03,-126.8465,55.6423,14.0,5393.9497
1,5,25.25,-5.03,-126.2663,54.0076,15.0,5400.5157
1,6,26.52,-5.03,-125.7396,52.3848,15.0,5419.4189
1,7,27.79,-5.03,-125.2595,50.7748,16.0,5439.5631
1,8,29.06,-5.03,-124.82,49.1785,16.0,5452.3147
1,9,30.33,-5.03,-124.4164,47.5965,17.0,5471.3355
1,10,31.6,-5.03,-124.0443,46.0296,17.0,5491.9759
1,11,32.87,-5.03,-123.7003,44.4782,17.0,5507.9623
1,12,34.14,-5.03,-123.3813,42.9429,18.0,5525.2209
1,13,35.41,-5.03,-123.0848,41.4242,18.0,5549.4252
1,14,36.68,-5.03,-122.8084,39.9223,17.0,5572.1705
1,15,37.95,-5.03,-122.5501,38.4376,16.0,5598.4408
1,16,39.22,-5.03,-122.3083,36.9705,16.0,5631.4746
1,17,40.49,-5.03,-122.0815,35.5211,14.0,5671.1893
1,18,41.76,-5.03,-121.8682,34.0896,13.0,5733.2407
1,19,43.03,-5.03,-121.6673,32.6763,11.0,5784.5398
1,20,44.3,-5.03,-121.4779,31.2812,10.0,5817.5644
1,21,45.57,-5.03,-121.2988,29.9045,8.0,5922.8758
2,0,18.9,-3.76,-126.2516,62.6686,14.0,5277.8851
2,1,20.17,-3.76,-125.5596,60.9724,14.0,5307.0228
2,2,21.44,-3.76,-124.947,59.2855,15.0,5327.8508
2,3,22.71,-3.76,-124.4009,57.6092,15.0,5358.7015
2,4,23.98,-3.76,-123.9113,55.9446,14.0,5364.8774
2,5,25.25,-3.76,-123.4697,54.2926,17.0,5372.144
2,6,26.52,-3.76,-123.0696,52.6539,16.0,5388.7291
2,7,27.79,-3.76,-122.7054,51.0295,17.0,5412.1956
2,8,29.06,-3.76,-122.3724,49.4198,18.0,5421.5397
2,9,30.33,-3.76,-122.0669,47.8255,17.0,5432.2254
2,10,31.6,-3.76,-121.7856,46.2472,19.0,5449.2899
2,11,32.87,-3.76,-121.5257,44.6853,18.0,5464.994
2,12,34.14,-3.76,-121.2849,43.1402,20.0,5475.5623
2,13,35.41,-3.76,-121.0612,41.6122,19.0,5497.315
2,14,36.68,-3.76,-120.8528,40.1017,19.0,5510.8374
2,15,37.95,-3.76,-120.6583,38.609,18.0,5538.6194
2,16,39.22,-3.76,-120.4762,37.1343,18.0,5573.5502
2,17,40.49,-3.76,-120.3054,35.6778,16.0,5605.999
2,18,41.76,-3.76,-120.1449,34.2397,15.0,5651.5384
2,19,43.03,-3.76,-119.9939,32.82,13.0,5705.7263
2,20,44.3,-3.76,-119.8514,31.419,11.0,5782.238
2,21,45.57,-3.76,-119.7168,30.0367,8.0,5860.8382
3,0,18.9,-2.49,-122.5053,62.9514,14.0,5267.9593
3,1,20.17,-2.49,-122.0376,61.2359,15.0,5280.8301
3,2,21.44,-2.49,-121.6245,59.5318,16.0,5300.7047
3,3,22.71,-2.49,-121.2571,57.8401,16.0,5312.7086
3,4,23.98,-2.49,-120.9282,56.1616,16.0,5335.8704
3,5,25.25,-2.49,-120.6319,54.4969,17.0,5356.3329
3,6,26.52,-2.49,-120.3639,52.8468,17.0,5374.3341
3,7,27.79,-2.49,-120.1201,51.2119,19.0,5389.3556
3,8,29.06,-2.49,-119.8974,49.5926,19.0,5401.1026
3,9,30.33,-2.49,-119.6933,47.9894,21.0,5416.4364
3,10,31.6,-2.49,-119.5055,46.4029,21.0,5424.2747
3,11,32.87,-2.49,-119.3321,44.8333,22.0,5433.704
3,12,34.14,-2.49,-119.1715,43.2811,24.0,5444.1782
3,13,35.41,-2.49,-119.0224,41.7466,24.0,5463.9657
3,14,36.68,-2.49,-118.8835,40.2299,23.0,5476.8505
3,15,37.95,-2.49,-118.7539,38.7314,21.0,5499.3232
3,16,39.22,-2.49,-118.6327,37.2513,22.0,5532.0299
3,17,40.49,-2.49,-118.5191,35.7897,20.0,5568.1177
3,18,41.76,-2.49,-118.4123,34.3468,17.0,5608.361
3,19,43.03,-2.49,-118.3118,32.9226,15.0,5656.6337
3,20,44.3,-2.49,-118.2171,31.5173,14.0,5730.2841
3,21,45.57,-2.49,-118.1276,30.1309,11.0,5781.7731
4,0,18.9,-1.22,-118.6933,63.1209,15.0,5243.7816
4,1,20.17,-1.22,-118.4614,61.3936,15.0,5262.8946
4,2,21.44,-1.22,-118.2568,59.6792,17.0,5290.3177
4,3,22.71,-1.22,-118.075,57.9781,18.0,5307.4511
4,4,23.98,-1.22,-117.9125,56.2912,17.0,5329.8294
4,5,25.25,-1.22,-117.7662,54.619,16.0,5351.2684
4,6,26.52,-1.22,-117.6339,52.962,19.0,5352.4056
4,7,27.79,-1.22,-117.5137,51.3207,21.0,5373.9986
4,8,29.06,-1.22,-117.404,49.6956,21.0,5391.0548
4,9,30.33,-1.22,-117.3034,48.0871,25.0,5402.3387
4,10,31.6,-1.22,-117.211,46.4957,26.0,5415.9328
4,11,32.87,-1.22,-117.1256,44.9215,24.0,5415.5164
4,12,34.14,-1.22,-117.0466,43.3651,27.0,5423.9921
4,13,35.41,-1.22,-116.9733,41.8266,27.0,5433.0934
4,14,36.68,-1.22,-116.905,40.3062,25.0,5445.5706
4,15,37.95,-1.22,-116.8413,38.8043,26.0,5469.7301
4,16,39.22,-1.22,-116.7817,37.3209,23.0,5498.2984
4,17,40.49,-1.22,-116.7259,35.8563,21.0,5530.9423
4,18,41.76,-1.22,-116.6734,34.4105,19.0,5567.0816
4,19,43.03,-1.22,-116.624,32.9837,15.0,5615.8517
4,20,44.3,-1.22,-116.5775,31.5758,13.0,5687.4306
4,21,45.57,-1.22,-116.5336,30.187,13.0,5770.5764
5,0,18.9,0.05,-114.8484,63.1746,14.0,5248.4014
5,1,20.17,0.05,-114.858,61.4436,14.0,5249.0781
5,2,21.44,0.05,-114.8664,59.7258,18.0,5279.8538
5,3,22.71,0.05,-114.8739,58.0218,18.0,5299.4115
5,4,23.98,0.05,-114.8805,56.3322,17.0,5310.7801
5,5,25.25,0.05,-114.8865,54.6576,18.0,5337.345
5,6,26.52,0.05,-114.892,52.9984,21.0,5357.3591
5,7,27.79,0.05,-114.8969,51.3551,22.0,5366.3165
5,8,29.06,0.05,-114.9014,49.7282,25.0,5386.7512
5,9,30.33,0.05,-114.9055,48.118,27.0,5392.9875
5,10,31.6,0.05,-114.9093,46.525,27.0,5398.9089
5,11,32.87,0.05,-114.9128,44.9494,28.0,5412.4166
5,12,34.14,0.05,-114.9161,43.3916,29.0,5408.5902
5,13,35.41,0.05,-114.9191,41.8519,29.0,5414.5358
5,14,36.68,0.05,-114.9219,40.3304,29.0,5433.3181
5,15,37.95,0.05,-114.9245,38.8273,28.0,5449.637
5,16,39.22,0.05,-114.927,37.3429,26.0,5473.1921
5,17,40.49,0.05,-114.9292,35.8773,23.0,5506.1075
5,18,41.76,0.05,-114.9314,34.4306,21.0,5535.6014
5,19,43.03,0.05,-114.9334,33.0029,20.0,5585.9815
5,20,44.3,0.05,-114.9353,31.5943,14.0,5650.2539
5,21,45.57,0.05,-114.9371,30.2048,14.0,5681.9282
6,0,18.9,1.32,-111.0049,63.1117,14.0,5232.209
6,1,20.17,1.32,-111.2557,61.3851,12.0,5235.7513
6,2,21.44,1.32,-111.4769,59.6712,16.0,5267.6303
6,3,22.71,1.32,-111.6735,57.9707,16.0,5282.1609
6,4,23.98,1.32,-111.8493,56.2842,17.0,5297.1875
6,5,25.25,1.32,-112.0075,54.6124,21.0,5326.4691
6,6,26.52,1.32,-112.1505,52.9557,22.0,5362.0236
6,7,27.79,1.32,-112.2805,51.3148,23.0,5377.7562
6,8,29.06,1.32,-112.3992,49.69,28.0,5393.2615
6,9,30.33,1.32,-112.508,48.0819,26.0,5397.6648
6,10,31.6,1.32,-112.608,46.4907,27.0,5394.1916
6,11,32.87,1.32,-112.7003,44.9168,29.0,5407.4427
6,12,34.14,1.32,-112.7858,43.3606,33.0,5402.2306
6,13,35.41,1.32,-112.8651,41.8223,32.0,5412.7432
6,14,36.68,1.32,-112.939,40.3021,31.0,5420.9898
6,15,37.95,1.32,-113.0079,38.8004,30.0,5436.2203
6,16,39.22,1.32,-113.0724,37.3172,29.0,5454.0607
6,17,40.49,1.32,-113.1328,35.8527,27.0,5477.1852
6,18,41.76,1.32,-113.1895,34.4071,22.0,5506.3513
6,19,43.03,1.32,-113.2429,32.9804,20.0,5559.5617
6,20,44.3,1.32,-113.2933,31.5727,19.0,5587.7019
6,21,45.57,1.32,-113.3408,30.184,17.0,5626.5451
7,0,18.9,2.59,-107.197,62.9332,13.0,5230.5226
7,1,20.17,2.59,-107.6828,61.2189,13.0,5245.3477
7,2,21.44,2.59,-108.1119,59.516,15.0,5263.5434
7,3,22.71,2.59,-108.4937,57.8253,17.0,5273.9314
7,4,23.98,2.59,-108.8356,56.1477,21.0,5300.452
7,5,25.25,2.59,-109.1434,54.4838,21.0,5335.4347
7,6,26.52,2.59,-109.4221,52.8345,23.0,5354.7279
7,7,27.79,2.59,-109.6755,51.2002,28.0,5391.7533
7,8,29.06,2.59,-109.9069,49.5815,30.0,5400.2848
7,9,30.33,2.59,-110.1191,47.9789,28.0,5410.9827
7,10,31.6,2.59,-110.3144,46.3929,31.0,5411.2089
7,11,32.87,2.59,-110.4947,44.8238,32.0,5421.5069
7,12,34.14,2.59,-110.6616,43.2721,32.0,5410.9168
7,13,35.41,2.59,-110.8167,41.7379,35.0,5409.9165
7,14,36.68,2.59,-110.961,40.2217,33.0,5415.0986
7,15,37.95,2.59,-111.0957,38.7236,33.0,5426.636
7,16,39.22,2.59,-111.2218,37.2438,31.0,5439.2769
7,17,40.49,2.59,-111.34,35.7825,30.0,5454.6312
7,18,41.76,2.59,-111.451,34.3399,25.0,5485.5087
7,19,43.03,2.59,-111.5555,32.9161,23.0,5532.812
7,20,44.3,2.59,-111.654,31.511,21.0,5563.6861
7,21,45.57,2.59,-111.7471,30.1249,19.0,5605.157
8,0,18.9,3.86,-103.4571,62.6416,14.0,5232.8174
8,1,20.17,3.86,-104.1661,60.9472,13.0,5245.0308
8,2,21.44,3.86,-104.794,59.262,14.0,5257.5223
8,3,22.71,3.86,-105.3537,57.5872,16.0,5286.1067
8,4,23.98,3.86,-105.8557,55.9239,17.0,5312.4728
8,5,25.25,3.86,-106.3084,54.273,19.0,5349.1484
8,6,26.52,3.86,-106.7187,52.6355,23.0,5364.6221
8,7,27.79,3.86,-107.0923,51.012,28.0,5398.5717
8,8,29.06,3.86,-107.4338,49.4033,29.0,5416.4999
8,9,30.33,3.86,-107.7471,47.8099,29.0,5421.0127
8,10,31.6,3.86,-108.0357,46.2323,32.0,5418.1205
8,11,32.87,3.86,-108.3023,44.6711,32.0,5429.2687
8,12,34.14,3.86,-108.5493,43.1267,38.0,5420.3803
8,13,35.41,3.86,-108.7788,41.5993,38.0,5418.7167
8,14,36.68,3.86,-108.9926,40.0894,36.0,5415.3701
8,15,37.95,3.86,-109.1923,38.5973,35.0,5426.2369
8,16,39.22,3.86,-109.3791,37.1231,38.0,5436.1472
8,17,40.49,3.86,-109.5543,35.6671,32.0,5450.8724
8,18,41.76,3.86,-109.719,34.2294,29.0,5476.0503
8,19,43.03,3.86,-109.874,32.8102,27.0,5509.7545
8,20,44.3,3.86,-110.0202,31.4096,23.0,5548.2491
8,21,45.57,3.86,-110.1583,30.0276,18.0,5589.006
9,0,18.9,5.13,-99.8142,62.241,12.0,5234.6503
9,1,20.17,5.13,-100.7301,60.5734,13.0,5248.7329
9,2,21.44,5.13,-101.5437,58.9121,16.0,5272.0985
9,3,22.71,5.13,-102.271,57.2588,16.0,5301.8259
9,4,23.98,5.13,-102.9248,55.615,18.0,5322.498
9,5,25.25,5.13,-103.5156,53.9818,18.0,5356.8595
9,6,26.52,5.13,-104.052,52.3604,22.0,5393.7855
9,7,27.79,5.13,-104.541,50.7517,26.0,5415.4085
9,8,29.06,5.13,-104.9886,49.1566,29.0,5438.1596
9,9,30.33,5.13,-105.3999,47.5758,30.0,5448.1046
9,10,31.6,5.13,-105.7789,46.0099,31.0,5444.1569
9,11,32.87,5.13,-106.1294,44.4595,33.0,5443.8447
9,12,34.14,5.13,-106.4545,42.9251,39.0,5435.6689
9,13,35.41,5.13,-106.7567,41.4071,35.0,5437.1075
9,14,36.68,5.13,-107.0384,39.906,35.0,5430.1871
9,15,37.95,5.13,-107.3015,38.4221,37.0,5428.2658
9,16,39.22,5.13,-107.548,36.9556,36.0,5441.8027
9,17,40.49,5.13,-107.7792,35.5069,31.0,5451.5271
9,18,41.76,5.13,-107.9966,34.076,30.0,5477.7716
9,19,43.03,5.13,-108.2013,32.6633,28.0,5502.0676
9,20,44.3,5.13,-108.3945,31.2687,25.0,5538.9583
9,21,45.57,5.13,-108.577,29.8925,24.0,5571.7731
10,0,18.9,6.4,-96.2926,61.7369,12.0,5234.7719
10,1,20.17,6.4,-97.3956,60.1021,13.0,5243.6637
10,2,21.44,6.4,-98.3792,58.4702,14.0,5271.5522
10,3,22.71,6.4,-99.2614,56.8435,16.0,5314.2589
10,4,23.98,6.4,-100.0567,55.2238,18.0,5353.5104
10,5,25.25,6.4,-100.777,53.6126,21.0,5385.8006
10,6,26.52,6.4,-101.4324,52.0114,23.0,5419.8027
10,7,27.79,6.4,-102.031,50.4212,26.0,5438.6493
10,8,29.06,6.4,-102.5798,48.8432,30.0,5456.0125
10,9,30.33,6.4,-103.0847,47.2781,29.0,5470.537
10,10,31.6,6.4,-103.5507,45.7269,33.0,5476.4695
10,11,32.87,6.4,-103.982,44.1901,37.0,5469.0142
10,12,34.14,6.4,-104.3824,42.6684,38.0,5466.7832
10,13,35.41,6.4,-104.755,41.1623,37.0,5459.8269
10,14,36.68,6.4,-105.1026,39.6723,41.0,5460.1774
10,15,37.95,6.4,-105.4275,38.1987,40.0,5447.6421
10,16,39.22,6.4,-105.732,36.7421,40.0,5455.169
10,17,40.49,6.4,-106.0179,35.3025,39.0,5466.5187
10,18,41.76,6.4,-106.2868,33.8803,35.0,5483.0527
10,19,43.03,6.4,-106.5402,32.4757,32.0,5510.387
10,20,44.3,6.4,-106.7794,31.0889,27.0,5540.2451
10,21,45.57,6.4,-107.0055,29.72,24.0,5578.0939
11,0,18.9,7.67,-92.9117,61.1356,14.0,5244.9526
11,1,20.17,7.67,-94.1798,59.5386,14.0,5241.2357
11,2,21.44,7.67,-95.3157,57.9409,15.0,5282.8133
11,3,22.71,7.67,-96.3383,56.3452,15.0,5321.996
11,4,23.98,7.67,-97.2631,54.7538,17.0,5376.0395
11,5,25.25,7.67,-98.1032,53.1686,20.0,5410.3624
11,6,26.52,7.67,-98.8693,51.5911,22.0,5435.8746
11,7,27.79,7.67,-99.5706,50.0229,27.0,5465.4085
11,8,29.06,7.67,-100.2147,48.4651,29.0,5478.1268
11,9,30.33,7.67,-100.8083,46.9188,33.0,5491.9132
11,10,31.6,7.67,-101.3569,45.385,34.0,5499.3641
11,11,32.87,7.67,-101.8654,43.8644,37.0,5492.6486
11,12,34.14,7.67,-102.338,42.3579,41.0,5491.3614
11,13,35.41,7.67,-102.7782,40.866,44.0,5482.0107
11,14,36.68,7.67,-103.1893,39.3893,44.0,5481.7921
11,15,37.95,7.67,-103.574,37.9283,42.0,5481.0057
11,16,39.22,7.67,-103.9347,36.4833,44.0,5488.5699
11,17,40.49,7.67,-104.2736,35.0548,37.0,5481.2719
11,18,41.76,7.67,-104.5926,33.6431,38.0,5505.5453
11,19,43.03,7.67,-104.8933,32.2483,35.0,5530.4266
11,20,44.3,7.67,-105.1773,30.8708,30.0,5553.6606
11,21,45.57,7.67,-105.446,29.5107,26.0,5593.2497
12,0,18.9,8.94,-89.6851,60.4442,13.0,5227.1061
12,1,20.17,8.94,-91.0955,58.8889,13.0,5254.2178
12,2,21.44,8.94,-92.365,57.3293,18.0,5296.2134
12,3,22.71,8.94,-93.5125,55.7685,16.0,5343.7823
12,4,23.98,8.94,-94.554,54.2089,19.0,5386.6886
12,5,25.25,8.94,-95.503,52.653,21.0,5424.9185
12,6,26.52,8.94,-96.3708,51.1026,28.0,5458.8555
12,7,27.79,8.94,-97.1671,49.5593,28.0,5487.5263
12,8,29.06,8.94,-97.9,48.0247,31.0,5500.5693
12,9,30.33,8.94,-98.5767,46.4999,34.0,5517.9435
12,10,31.6,8.94,-99.2032,44.9861,38.0,5522.6004
12,11,32.87,8.94,-99.7847,43.4843,38.0,5528.3453
12,12,34.14,8.94,-100.3259,41.9953,41.0,5516.5829
12,13,35.41,8.94,-100.8306,40.5197,41.0,5511.7583
12,14,36.68,8.94,-101.3024,39.0584,45.0,5512.3935
12,15,37.95,8.94,-101.7443,37.6118,45.0,5510.2588
12,16,39.22,8.94,-102.1591,36.1805,43.0,5517.4685
12,17,40.49,8.94,-102.5491,34.7648,40.0,5525.3178
12,18,41.76,8.94,-102.9165,33.3652,38.0,5539.5843
12,19,43.03,8.94,-103.2631,31.9819,33.0,5551.4172
12,20,44.3,8.94,-103.5906,30.6152,31.0,5578.5705
12,21,45.57,8.94,-103.9006,29.2654,24.0,5607.9409
13,0,18.9,10.21,-86.6216,59.67,13.0,5234.1245
13,1,20.17,10.21,-88.1516,58.1597,13.0,5264.2752
13,2,21.44,10.21,-89.5356,56.6412,17.0,5318.011
13,3,22.71,10.21,-90.7922,55.1182,17.0,5353.9354
13,4,23.98,10.21,-91.9371,53.5936,22.0,5402.3816
13,5,25.25,10.21,-92.9837,52.0698,26.0,5438.3688
13,6,26.52,10.21,-93.9437,50.5492,28.0,5473.5584
13,7,27.79,10.21,-94.8268,49.0336,29.0,5504.0631
13,8,29.06,10.21,-95.6415,47.5247,29.0,5531.8733
13,9,30.33,10.21,-96.3952,46.0239,36.0,5543.2926
13,10,31.6,10.21,-97.0943,44.5325,36.0,5554.6674
13,11,32.87,10.21,-97.7443,43.0516,40.0,5555.4403
13,12,34.14,10.21,-98.35,41.5822,43.0,5559.9004
13,13,35.41,10.21,-98.9158,40.1251,45.0,5549.1079
13,14,36.68,10.21,-99.4453,38.681,47.0,5542.2088
13,15,37.95,10.21,-99.9418,37.2507,46.0,5550.9353
13,16,39.22,10.21,-100.4083,35.8348,44.0,5554.5071
13,17,40.49,10.21,-100.8473,34.4336,42.0,5564.7974
13,18,41.76,10.21,-101.2611,33.0476,37.0,5567.2587
13,19,43.03,10.21,-101.6519,31.6773,34.0,5597.6209
13,20,44.3,10.21,-102.0214,30.3229,32.0,5621.3926
13,21,45.57,10.21,-102.3714,28.9847,26.0,5644.4344
14,0,18.9,11.48,-83.7252,58.8207,11.0,5215.3812
14,1,20.17,11.48,-85.3531,57.3574,13.0,5275.8606
14,2,21.44,11.48,-86.8333,55.8824,17.0,5316.7209
14,3,22.71,11.48,-88.1832,54.3996,16.0,5363.095
14,4,23.98,11.48,-89.4181,52.9123,23.0,5415.0317
14,5,25.25,11.48,-90.5509,51.4231,24.0,5453.9593
14,6,26.52,11.48,-91.5931,49.9347,27.0,5497.3474
14,7,27.79,11.48,-92.5546,48.4491,32.0,5530.0414
14,8,29.06,11.48,-93.4438,46.9681,35.0,5552.8754
14,9,30.33,11.48,-94.2682,45.4934,38.0,5573.3597
14,10,31.6,11.48,-95.0344,44.0265,42.0,5577.324
14,11,32.87,11.48,-95.748,42.5685,41.0,5588.2239
14,12,34.14,11.48,-96.4141,41.1206,42.0,5588.1108
14,13,35.41,11.48,-97.0372,39.6838,45.0,5588.4851
14,14,36.68,11.48,-97.6211,38.2588,46.0,5592.02
14,15,37.95,11.48,-98.1693,36.8465,45.0,5592.2306
14,16,39.22,11.48,-98.6848,35.4475,45.0,5592.1417
14,17,40.49,11.48,-99.1705,34.0624,42.0,5600.6994
14,18,41.76,11.48,-99.6289,32.6917,38.0,5617.9382
14,19,43.03,11.48,-100.062,31.3357,34.0,5629.4283
14,20,44.3,11.48,-100.4718,29.995,33.0,5654.6855
14,21,45.57,11.48,-100.8603,28.6697,26.0,5690.0812
15,0,18.9,12.75,-80.9963,57.9037,15.0,5251.7313
15,1,20.17,12.75,-82.7019,56.4888,16.0,5291.9263
15,2,21.44,12.75,-84.2608,55.0589,17.0,5335.0293
15,3,22.71,12.75,-85.689,53.618,20.0,5381.7156
15,4,23.98,12.75,-87.0007,52.1698,22.0,5424.7145
15,5,25.25,12.75,-88.2085,50.7172,26.0,5485.0346
15,6,26.52,12.75,-89.3232,49.2628,29.0,5518.4294
15,7,27.79,12.75,-90.3544,47.8091,33.0,5548.5129
15,8,29.06,12.75,-91.3107,46.358,37.0,5573.2496
15,9,30.33,12.75,-92.1993,44.9113,38.0,5590.6901
15,10,31.6,12.75,-93.0269,43.4707,42.0,5611.2179
15,11,32.87,12.75,-93.7991,42.0374,42.0,5621.3249
15,12,34.14,12.75,-94.5212,40.6128,46.0,5627.1124
15,13,35.41,12.75,-95.1977,39.1978,46.0,5626.4903
15,14,36.68,12.75,-95.8325,37.7936,45.0,5629.6615
15,15,37.95,12.75,-96.4293,36.4008,45.0,5637.5188
15,16,39.22,12.75,-96.9912,35.0203,42.0,5648.778
15,17,40.49,12.75,-97.5212,33.6526,39.0,5656.9463
15,18,41.76,12.75,-98.0217,32.2985,37.0,5662.6915
15,19,43.03,12.75,-98.4952,30.9582,33.0,5675.3588
15,20,44.3,12.75,-98.9436,29.6324,31.0,5693.2423
15,21,45.57,12.75,-99.3689,28.3213,28.0,5717.0647
16,0,18.9,14.02,-78.432,56.9262,16.0,5261.9057
16,1,20.17,14.02,-80.1972,55.5603,18.0,5307.1888
16,2,21.44,14.02,-81.8186,54.1765,20.0,5349.2228
16,3,22.71,14.02,-83.3109,52.7788,24.0,5402.2716
16,4,23.98,14.02,-84.6871,51.371,27.0,5454.3391
16,5,25.25,14.02,-85.9589,49.9563,28.0,5494.7151
16,6,26.52,14.02,-87.1365,48.5375,30.0,5540.3585
16,7,27.79,14.02,-88.2291,47.1172,35.0,5565.9027
16,8,29.06,14.02,-89.245,45.6976,36.0,5597.9618
16,9,30.33,14.02,-90.1913,44.2805,41.0,5622.9929
16,10,31.6,14.02,-91.0745,42.8677,46.0,5638.0387
16,11,32.87,14.02,-91.9004,41.4607,44.0,5655.1759
16,12,34.14,14.02,-92.6739,40.0608,45.0,5665.0229
16,13,35.41,14.02,-93.3997,38.6693,48.0,5662.4419
16,14,36.68,14.02,-94.0819,37.2871,49.0,5670.6362
16,15,37.95,14.02,-94.7241,35.9153,45.0,5677.2388
16,16,39.22,14.02,-95.3295,34.5546,43.0,5688.8436
16,17,40.49,14.02,-95.9012,33.2058,36.0,5700.7322
16,18,41.76,14.02,-96.4417,31.8694,36.0,5717.1493
16,19,43.03,14.02,-96.9534,30.5461,33.0,5732.8074
16,20,44.3,14.02,-97.4385,29.2364,26.0,5745.0076
16,21,45.57,14.02,-97.899,27.9406,25.0,5764.0003
17,0,18.9,15.29,-76.0273,55.8952,17.0,5280.3555
17,1,20.17,15.29,-77.8358,54.5785,20.0,5327.2096
17,2,21.44,15.29,-79.5053,53.241,21.0,5369.7281
17,3,22.71,15.29,-81.0487,51.8871,24.0,5430.6094
17,4,23.98,15.29,-82.4778,50.5206,30.0,5479.4113
17,5,25.25,15.29,-83.8032,49.1449,31.0,5519.8735
17,6,26.52,15.29,-85.0346,47.7628,35.0,5557.1533
17,7,27.79,15.29,-86.1805,46.3772,37.0,5588.5569
17,8,29.06,15.29,-87.2488,44.9902,40.0,5615.9454
17,9,30.33,15.29,-88.2464,43.604,42.0,5641.5998
17,10,31.6,15.29,-89.1795,42.2203,44.0,5661.4584
17,11,32.87,15.29,-90.0538,40.8409,49.0,5681.5736
17,12,34.14,15.29,-90.8742,39.4671,46.0,5699.7763
17,13,35.41,15.29,-91.6454,38.1003,47.0,5706.9165
17,14,36.68,15.29,-92.3713,36.7415,50.0,5709.2037
17,15,37.95,15.29,-93.0556,35.3918,49.0,5717.1428
17,16,39.22,15.29,-93.7016,34.0522,41.0,5731.5121
17,17,40.49,15.29,-94.3123,32.7233,38.0,5740.9529
17,18,41.76,15.29,-94.8903,31.406,34.0,5756.2903
17,19,43.03,15.29,-95.4382,30.1007,29.0,5772.4822
17,20,44.3,15.29,-95.9581,28.8082,29.0,5791.0975
17,21,45.57,15.29,-96.452,27.5287,23.0,5798.2176
18,0,18.9,16.56,-73.7755,54.8171,18.0,5304.7144
18,1,20.17,16.56,-75.6133,53.5491,22.0,5353.9539
18,2,21.44,16.56,-77.3179,52.258,25.0,5400.4715
18,3,22.71,16.56,-78.9007,50.9481,27.0,5455.0475
18,4,23.98,16.56,-80.372,49.6234,28.0,5499.4384
18,5,25.25,16.56,-81.7415,48.2872,32.0,5542.3131
18,6,26.52,16.56,-83.0179,46.9427,34.0,5577.8945
18,7,27.79,16.56,-84.2094,45.5925,34.0,5606.2547
18,8,29.06,16.56,-85.3231,44.2392,40.0,5634.282
18,9,30.33,16.56,-86.3657,42.8849,44.0,5663.6411
18,10,31.6,16.56,-87.3432,41.5314,48.0,5681.5053
18,11,32.87,16.56,-88.2609,40.1806,51.0,5704.3228
18,12,34.14,16.56,-89.1238,38.834,48.0,5720.2548
18,13,35.41,16.56,-89.9362,37.493,47.0,5734.9436
18,14,36.68,16.56,-90.7021,36.1587,50.0,5739.445
18,15,37.95,16.56,-91.4253,34.8323,45.0,5755.7811
18,16,39.22,16.56,-92.1089,33.5148,42.0,5773.5212
18,17,40.49,16.56,-92.7559,32.207,36.0,5787.6905
18,18,41.76,16.56,-93.3691,30.9096,33.0,5810.291
18,19,43.03,16.56,-93.9509,29.6235,29.0,5825.0182
18,20,44.3,16.56,-94.5035,28.3491,27.0,5839.3359
18,21,45.57,16.56,-95.029,27.0869,22.0,5849.3102
19,0,18.9,17.83,-71.6686,53.698,19.0,5324.3228
19,1,20.17,17.83,-73.5238,52.4779,23.0,5374.3138
19,2,21.44,17.83,-75.2523,51.2327,25.0,5418.4861
19,3,22.71,17.83,-76.8639,49.9667,27.0,5478.353
19,4,23.98,17.83,-78.3679,48.6838,30.0,5520.9917
19,5,25.25,17.83,-79.7726,47.3875,30.0,5559.7777
19,6,26.52,17.83,-81.0862,46.081,33.0,5597.3245
19,7,27.79,17.83,-82.3159,44.7669,38.0,5626.0984
19,8,29.06,17.83,-83.4685,43.4479,39.0,5653.4338
19,9,30.33,17.83,-84.5501,42.1262,39.0,5677.4556
19,10,31.6,17.83,-85.5665,40.8038,48.0,5705.5905
19,11,32.87,17.83,-86.5228,39.4825,47.0,5723.8188
19,12,34.14,17.83,-87.4237,38.164,45.0,5740.5195
19,13,35.41,17.83,-88.2734,36.8497,44.0,5762.7456
19,14,36.68,17.83,-89.0758,35.5408,44.0,5772.6637
19,15,37.95,17.83,-89.8345,34.2387,45.0,5785.2948
19,16,39.22,17.83,-90.5527,32.9442,42.0,5805.4424
19,17,40.49,17.83,-91.2334,31.6583,37.0,5823.1352
19,18,41.76,17.83,-91.8793,30.3819,35.0,5843.77
19,19,43.03,17.83,-92.4927,29.1157,29.0,5858.8445
19,20,44.3,17.83,-93.076,27.8604,27.0,5875.1517
19,21,45.57,17.83,-93.6313,26.6165,23.0,5884.3722
20,0,18.9,19.1,-69.6984,52.5434,20.0,5345.3687
20,1,20.17,19.1,-71.5608,51.3701,22.0,5392.3269
20,2,21.44,19.1,-73.3035,50.17,24.0,5455.0994
20,3,22.71,19.1,-74.9348,48.9475,27.0,5498.0509
20,4,23.98,19.1,-76.4628,47.7063,33.0,5537.8376
20,5,25.25,19.1,-77.8948,46.4499,30.0,5579.8412
20,6,26.52,19.1,-79.2381,45.1814,30.0,5612.4052
20,7,27.79,19.1,-80.4994,43.9038,36.0,5643.7496
20,8,29.06,19.1,-81.6846,42.6196,39.0,5672.6072
20,9,30.33,19.1,-82.7998,41.3311,42.0,5694.1906
20,10,31.6,19.1,-83.85,40.0404,44.0,5714.942
20,11,32.87,19.1,-84.8401,38.7493,45.0,5738.7737
20,12,34.14,19.1,-85.7747,37.4595,44.0,5764.8313
20,13,35.41,19.1,-86.6578,36.1727,41.0,5783.3852
20,14,36.68,19.1,-87.4931,34.89,41.0,5794.5954
20,15,37.95,19.1,-88.2842,33.6128,42.0,5816.111
20,16,39.22,19.1,-89.0341,32.3422,44.0,5830.0543
20,17,40.49,19.1,-89.7457,31.0791,41.0,5846.8043
20,18,41.76,19.1,-90.4218,29.8245,38.0,5867.4418
20,19,43.03,19.1,-91.0647,28.579,31.0,5880.7651
20,20,44.3,19.1,-91.6767,27.3435,28.0,5906.0125
20,21,45.57,19.1,-92.2597,26.1186,26.0,5919.7447
21,0,18.9,20.37,-67.8562,51.3583,19.0,5367.8327
21,1,20.17,20.37,-69.7173,50.2306,21.0,5431.6842
21,2,21.44,20.37,-71.466,49.0747,25.0,5475.6457
21,3,22.71,20.37,-73.1091,47.8949,27.0,5517.3533
21,4,23.98,20.37,-74.6535,46.6949,29.0,5556.8821
21,5,25.25,20.37,-76.1057,45.4782,31.0,5592.4202
21,6,26.52,20.37,-77.4721,44.2478,31.0,5627.819
21,7,27.79,20.37,-78.7587,43.0068,34.0,5656.9028
21,8,29.06,20.37,-79.9709,41.7575,35.0,5686.4072
21,9,30.33,20.37,-81.1142,40.5025,41.0,5711.9242
21,10,31.6,20.37,-82.1934,39.2439,40.0,5735.0045
21,11,32.87,20.37,-83.2129,37.9834,41.0,5754.0621
21,12,34.14,20.37,-84.1771,36.723,43.0,5779.0046
21,13,35.41,20.37,-85.0899,35.4642,43.0,5795.4997
21,14,36.68,20.37,-85.9547,34.2084,42.0,5817.0871
21,15,37.95,20.37,-86.7749,32.9568,42.0,5826.0616
21,16,39.22,20.37,-87.5536,31.7107,40.0,5844.1974
21,17,40.49,20.37,-88.2936,30.4711,37.0,5859.0053
21,18,41.76,20.37,-88.9975,29.2389,34.0,5877.3671
21,19,43.03,20.37,-89.6676,28.0149,29.0,5898.047
21,20,44.3,20.37,-90.3061,26.7999,29.0,5919.1563
21,21,45.57,20.37,-90.9151,25.5946,25.0,5919.4244
22,0,18.9,21.64,-66.1334,50.1474,18.0,5402.0885
22,1,20.17,21.64,-67.9864,49.0638,21.0,5451.0034
22,2,21.44,21.64,-69.734,47.9511,23.0,5495.4376
22,3,22.71,21.64,-71.3821,46.8131,26.0,5537.8601
22,4,23.98,21.64,-72.9363,45.6537,27.0,5575.052
22,5,25.25,21.64,-74.4024,44.4761,28.0,5610.9784
22,6,26.52,21.64,-75.786,43.2836,29.0,5643.4705
22,7,27.79,21.64,-77.0922,42.0789,31.0,5676.0256
22,8,29.06,21.64,-78.3262,40.8648,32.0,5699.0861
22,9,30.33,21.64,-79.4927,39.6434,37.0,5723.9203
22,10,31.6,21.64,-80.5963,38.417,39.0,5744.984
22,11,32.87,21.64,-81.641,37.1876,41.0,5765.5272
22,12,34.14,21.64,-82.631,35.9569,42.0,5784.6694
22,13,35.41,21.64,-83.5698,34.7266,43.0,5808.905
22,14,36.68,21.64,-84.4608,33.498,41.0,5830.2638
22,15,37.95,21.64,-85.3072,32.2727,38.0,5843.3438
22,16,39.22,21.64,-86.1119,31.0516,39.0,5856.2018
22,17,40.49,21.64,-86.8776,29.836,33.0,5877.9205
22,18,41.76,21.64,-87.6068,28.6268,31.0,5897.4459
22,19,43.03,21.64,-88.302,27.4249,25.0,5904.2846
22,20,44.3,21.64,-88.9651,26.231,24.0,5925.7933
22,21,45.57,21.64,-89.5982,25.046,21.0,5942.1754
23,0,18.9,22.91,-64.5215,48.9149,17.0,5418.1275
23,1,20.17,22.91,-66.3607,47.874,21.0,5468.0152
23,2,21.44,22.91,-68.1016,46.803,22.0,5509.1235
23,3,22.71,22.91,-69.7488,45.7059,24.0,5549.7499
23,4,23.98,22.91,-71.3072,44.5862,26.0,5590.2073
23,5,25.25,22.91,-72.7817,43.4472,25.0,5625.2512
23,6,26.52,22.91,-74.177,42.2921,28.0,5656.7732
23,7,27.79,22.91,-75.4979,41.1236,30.0,5685.0517
23,8,29.06,22.91,-76.7489,39.9443,32.0,5710.9006
23,9,30.33,22.91,-77.9341,38.7566,31.0,5735.4594
23,10,31.6,22.91,-79.0579,37.5626,35.0,5756.5135
23,11,32.87,22.91,-80.124,36.3643,37.0,5774.2668
23,12,34.14,22.91,-81.136,35.1635,40.0,5793.8944
23,13,35.41,22.91,-82.0974,33.962,39.0,5810.1527
23,14,36.68,22.91,-83.0115,32.7611,35.0,5826.6885
23,15,37.95,22.91,-83.8811,31.5623,34.0,5847.3397
23,16,39.22,22.91,-84.7091,30.3667,32.0,5862.2036
23,17,40.49,22.91,-85.498,29.1756,29.0,5877.8155
23,18,41.76,22.91,-86.2503,27.9898,28.0,5895.2578
23,19,43.03,22.91,-86.9683,26.8105,24.0,5915.6383
23,20,44.3,22.91,-87.654,25.6383,24.0,5934.9262
23,21,45.57,22.91,-88.3094,24.474,18.0,5909.428
24,0,18.9,24.18,-63.0125,47.6646,16.0,5431.5259
24,1,20.17,24.18,-64.8335,46.6647,19.0,5480.1714
24,2,21.44,24.18,-66.5629,45.6342,21.0,5522.6895
24,3,22.71,24.18,-68.2044,44.5768,22.0,5563.9959
24,4,23.98,24.18,-69.7621,43.4959,25.0,5600.3888
24,5,25.25,24.18,-71.2401,42.3948,25.0,5634.1567
24,6,26.52,24.18,-72.6425,41.2765,27.0,5665.1357
24,7,27.79,24.18,-73.9736,40.1437,30.0,5692.8558
24,8,29.06,24.18,-75.2371,38.999,30.0,5716.8402
24,9,30.33,24.18,-76.4371,37.8447,32.0,5740.5735
24,10,31.6,24.18,-77.5771,36.683,32.0,5760.3118
24,11,32.87,24.18,-78.6609,35.5159,36.0,5780.6524
24,12,34.14,24.18,-79.6916,34.3452,36.0,5798.1673
24,13,35.41,24.18,-80.6725,33.1726,36.0,5814.3886
24,14,36.68,24.18,-81.6065,31.9996,34.0,5832.7474
24,15,37.95,24.18,-82.4966,30.8276,31.0,5847.2614
24,16,39.22,24.18,-83.3452,29.6578,29.0,5861.5955
24,17,40.49,24.18,-84.155,28.4915,24.0,5873.3778
24,18,41.76,24.18,-84.9282,27.3297,23.0,5884.3879
24,19,43.03,24.18,-85.6669,26.1732,21.0,5895.5187
24,20,44.3,24.18,-86.3732,25.0231,19.0,5906.6162
24,21,45.57,24.18,-87.049,23.88,18.0,5913.1583
25,0,18.9,25.45,-61.5988,46.3999,14.0,5444.5909
25,1,20.17,25.45,-63.398,45.4394,15.0,5493.251
25,2,21.44,25.45,-65.112,44.448,20.0,5535.8152
25,3,22.71,25.45,-66.7437,43.4291,24.0,5571.1713
25,4,23.98,25.45,-68.2966,42.386,25.0,5606.0275
25,5,25.25,25.45,-69.774,41.322,24.0,5639.1028
25,6,26.52,25.45,-71.1795,40.2398,24.0,5671.1624
25,7,27.79,25.45,-72.5166,39.1422,25.0,5698.5652
25,8,29.06,25.45,-73.789,38.0316,28.0,5719.3827
25,9,30.33,25.45,-74.9999,36.9105,28.0,5743.4616
25,10,31.6,25.45,-76.1527,35.7809,32.0,5763.0644
25,11,32.87,25.45,-77.2507,34.6449,33.0,5781.3663
25,12,34.14,25.45,-78.2969,33.5042,31.0,5799.5852
25,13,35.41,25.45,-79.2943,32.3606,30.0,5817.7877
25,14,36.68,25.45,-80.2456,31.2156,27.0,5835.2598
25,15,37.95,25.45,-81.1534,30.0706,27.0,5849.6437
25,16,39.22,25.45,-82.0203,28.9268,26.0,5863.0101
25,17,40.49,25.45,-82.8486,27.7856,23.0,5875.4637
25,18,41.76,25.45,-83.6404,26.6479,20.0,5885.1949
25,19,43.03,25.45,-84.3979,25.5147,16.0,5888.1922
25,20,44.3,25.45,-85.123,24.3869,14.0,5870.6755
25,21,45.57,25.45,-85.8175,23.2653,13.0,5846.3958
26,0,18.9,26.72,-60.2731,45.1239,13.0,5462.8634
26,1,20.17,26.72,-62.0479,44.2012,15.0,5503.7946
26,2,21.44,26.72,-63.7434,43.2475,17.0,5539.7342
26,3,22.71,26.72,-65.362,42.2658,19.0,5577.4973
26,4,23.98,26.72,-66.9066,41.2595,21.0,5613.5935
26,5,25.25,26.72,-68.3798,40.2316,23.0,5644.7627
26,6,26.52,26.72,-69.7848,39.1847,23.0,5672.3233
26,7,27.79,26.72,-71.1245,38.1216,22.0,5693.5281
26,8,29.06,26.72,-72.4022,37.0447,27.0,5716.9844
26,9,30.33,26.72,-73.6207,35.9564,27.0,5740.6737
26,10,31.6,26.72,-74.7832,34.8586,29.0,5763.6669
26,11,32.87,26.72,-75.8924,33.7535,28.0,5781.307
26,12,34.14,26.72,-76.9511,32.6427,29.0,5795.4885
26,13,35.41,26.72,-77.9622,31.528,25.0,5821.0779
26,14,36.68,26.72,-78.9281,30.411,23.0,5835.6212
26,15,37.95,26.72,-79.8512,29.293,23.0,5849.3185
26,16,39.22,26.72,-80.734,28.1754,20.0,5862.1393
26,17,40.49,26.72,-81.5785,27.0594,18.0,5872.2546
26,18,41.76,26.72,-82.387,25.946,17.0,5879.6197
26,19,43.03,26.72,-83.1613,24.8363,14.0,5878.9793
26,20,44.3,26.72,-83.9033,23.7312,14.0,5875.1268
26,21,45.57,26.72,-84.6147,22.6315,9.0,5812.013
27,0,18.9,27.99,-59.0288,43.8394,12.0,5474.5066
27,1,20.17,27.99,-60.7771,42.953,13.0,5507.9388
27,2,21.44,27.99,-62.4517,42.0354,16.0,5545.1697
27,3,22.71,27.99,-64.0545,41.0898,16.0,5578.207
27,4,23.98,27.99,-65.5878,40.1191,19.0,5613.6356
27,5,25.25,27.99,-67.0539,39.1263,20.0,5642.4208
27,6,26.52,27.99,-68.4552,38.1139,20.0,5668.4036
27,7,27.79,27.99,-69.7946,37.0846,21.0,5688.1214
27,8,29.06,27.99,-71.0745,36.0408,24.0,5710.9239
27,9,30.33,27.99,-72.2977,34.9847,24.0,5733.5601
27,10,31.6,27.99,-73.4668,33.9184,26.0,5755.9899
27,11,32.87,27.99,-74.5844,32.8438,27.0,5776.5936
27,12,34.14,27.99,-75.6531,31.7628,26.0,5793.1499
27,13,35.41,27.99,-76.6752,30.6769,22.0,5815.1345
27,14,36.68,27.99,-77.6532,29.5878,22.0,5840.3433
27,15,37.95,27.99,-78.5894,28.4968,19.0,5852.1594
27,16,39.22,27.99,-79.4858,27.4054,18.0,5864.2298
27,17,40.49,27.99,-80.3446,26.3147,16.0,5873.3592
27,18,41.76,27.99,-81.1677,25.2257,14.0,5880.2318
27,19,43.03,27.99,-81.9569,24.1396,12.0,5881.0175
27,20,44.3,27.99,-82.7141,23.0573,11.0,5877.6404
27,21,45.57,27.99,-83.4409,21.9796,9.0,5830.6458