i-index (unitless),j-index (unitless),X-value (cm),Y-value (cm),Longitude (deg),Latitude (deg),Second Pass (m),Third Pass (m),Pass_3_minus_Pass_Two (m) joe (m)
0,0,18.9,-6.3,226.5651,61.7802,5280.9502,5303.8079,22.8577
0,1,20.17,-6.3,227.6541,60.1426,5311.6987,5337.5166,25.8179
0,2,21.44,-6.3,228.6249,58.5082,5336.0681,5364.7329,28.6648
0,3,22.71,-6.3,229.4954,56.8793,5362.7818,5400.6673,37.8855
0,4,23.98,-6.3,230.28,55.2575,5389.5551,5425.6841,36.129
0,5,25.25,-6.3,230.9905,53.6445,5417.2175,5443.3918,26.1743
0,6,26.52,-6.3,231.6367,52.0415,5438.7232,5458.7275,20.0043
0,7,27.79,-6.3,232.2269,50.4498,5454.5494,5469.5939,15.0445
0,8,29.06,-6.3,232.768,48.8702,5467.0134,5480.9921,13.9786
0,9,30.33,-6.3,233.2657,47.3038,5479.4954,5490.0179,10.5225
0,10,31.6,-6.3,233.7249,45.7513,5490.4623,5500.3578,9.8955
0,11,32.87,-6.3,234.15,44.2134,5499.0925,5515.6695,16.577
0,12,34.14,-6.3,234.5446,42.6906,5513.4881,5536.8759,23.3878
0,13,35.41,-6.3,234.9117,41.1834,5532.1398,5562.5456,30.4058
0,14,36.68,-6.3,235.2542,39.6925,5551.9753,5589.3402,37.3649
0,15,37.95,-6.3,235.5744,38.2181,5572.2182,5612.2087,39.9905
0,16,39.22,-6.3,235.8744,36.7605,5595.3817,5635.8137,40.432
0,17,40.49,-6.3,236.156,35.3202,5619.5231,5659.9551,40.432
0,18,41.76,-6.3,236.4209,33.8972,5649.0543,5688.6734,39.6191
0,19,43.03,-6.3,236.6705,32.492,5670.6219,5702.9996,32.3777
0,20,44.3,-6.3,236.9061,31.1045,5685.1505,5685.1505,0.0
0,21,45.57,-6.3,237.1288,29.7349,5698.2663,5698.2663,0.0
1,0,18.9,-5.03,230.0969,62.2764,5277.8965,5290.3237,12.4272
1,1,20.17,-5.03,230.9972,60.6065,5305.4568,5315.8871,10.4303
1,2,21.44,-5.03,231.7967,58.9431,5330.215,5339.5074,9.2924
1,3,22.71,-5.03,232.5113,57.2879,5356.6905,5367.7166,11.0261
1,4,23.98,-5.03,233.1535,55.6423,5382.2658,5394.4042,12.1385
1,5,25.25,-5.03,233.7337,54.0076,5405.0856,5416.7732,11.6876
1,6,26.52,-5.03,234.2604,52.3848,5424.1714,5432.7593,8.5879
1,7,27.79,-5.03,234.7405,50.7748,5440.3758,5450.1683,9.7925
1,8,29.06,-5.03,235.18,49.1785,5455.7597,5468.2122,12.4526
1,9,30.33,-5.03,235.5836,47.5965,5464.5374,5474.1311,9.5937
1,10,31.6,-5.03,235.9557,46.0296,5473.0776,5483.8711,10.7935
1,11,32.87,-5.03,236.2997,44.4782,5480.8977,5497.3419,16.4442
1,12,34.14,-5.03,236.6187,42.9429,5494.0603,5516.8982,22.8379
1,13,35.41,-5.03,236.9152,41.4242,5511.2995,5538.7024,27.403
1,14,36.68,-5.03,237.1916,39.9223,5526.6968,5557.3172,30.6205
1,15,37.95,-5.03,237.4499,38.4376,5548.3742,5580.6959,32.3217
1,16,39.22,-5.03,237.6917,36.9705,5576.6822,5613.8297,37.1475
1,17,40.49,-5.03,237.9185,35.5211,5599.3482,5638.3886,39.0404
1,18,41.76,-5.03,238.1318,34.0896,5623.1352,5658.8553,35.7201
1,19,43.03,-5.03,238.3327,32.6763,5651.2587,5686.3646,35.1059
1,20,44.3,-5.03,238.5221,31.2812,5674.0304,5708.3746,34.3442
1,21,45.57,-5.03,238.7012,29.9045,5686.7375,5719.1152,32.3777
2,0,18.9,-3.76,233.7484,62.6686,5265.4642,5264.1321,-1.3321
2,1,20.17,-3.76,234.4404,60.9724,5291.5179,5285.8936,-5.6243
2,2,21.44,-3.76,235.053,59.2855,5315.9311,5302.967,-12.9641
2,3,22.71,-3.76,235.5991,57.6092,5341.6372,5332.5402,-9.097
2,4,23.98,-3.76,236.0887,55.9446,5367.0332,5360.3826,-6.6505
2,5,25.25,-3.76,236.5303,54.2926,5391.4225,5385.3951,-6.0274
2,6,26.52,-3.76,236.9304,52.6539,5409.1112,5406.5734,-2.5379
2,7,27.79,-3.76,237.2946,51.0295,5425.5107,5429.957,4.4463
2,8,29.06,-3.76,237.6276,49.4198,5438.3778,5445.1957,6.8179
2,9,30.33,-3.76,237.9331,47.8255,5448.7684,5452.8649,4.0965
2,10,31.6,-3.76,238.2144,46.2472,5456.2157,5463.3552,7.1395
2,11,32.87,-3.76,238.4743,44.6853,5461.1544,5472.465,11.3106
2,12,34.14,-3.76,238.7151,43.1402,5473.0309,5487.2109,14.18
2,13,35.41,-3.76,238.9388,41.6122,5487.6281,5504.6168,16.9887
2,14,36.68,-3.76,239.1472,40.1017,5501.6982,5523.543,21.8448
2,15,37.95,-3.76,239.3417,38.609,5524.8811,5547.5358,22.6547
2,16,39.22,-3.76,239.5238,37.1343,5553.5844,5580.0523,26.4679
2,17,40.49,-3.76,239.6946,35.6778,5580.2484,5612.6323,32.3839
2,18,41.76,-3.76,239.8551,34.2397,5604.0172,5641.7942,37.7769
2,19,43.03,-3.76,240.0061,32.82,5630.9098,5668.762,37.8522
2,20,44.3,-3.76,240.1486,31.419,5655.13,5693.1489,38.0189
2,21,45.57,-3.76,240.2832,30.0367,5679.3213,5716.896,37.5746
3,0,18.9,-2.49,237.4947,62.9514,5248.143,5241.6334,-6.5096
3,1,20.17,-2.49,237.9624,61.2359,5271.8683,5260.4913,-11.3769
3,2,21.44,-2.49,238.3755,59.5318,5297.4634,5284.4679,-12.9955
3,3,22.71,-2.49,238.7429,57.8401,5323.5157,5310.5992,-12.9164
3,4,23.98,-2.49,239.0718,56.1616,5350.3818,5338.1597,-12.222
3,5,25.25,-2.49,239.3681,54.4969,5373.6377,5363.6427,-9.995
3,6,26.52,-2.49,239.6361,52.8468,5393.9519,5385.739,-8.2129
3,7,27.79,-2.49,239.8799,51.2119,5409.2287,5403.0192,-6.2095
3,8,29.06,-2.49,240.1026,49.5926,5418.8169,5410.0681,-8.7488
3,9,30.33,-2.49,240.3067,47.9894,5430.4166,5423.4489,-6.9677
3,10,31.6,-2.49,240.4945,46.4029,5436.8266,5427.1929,-9.6337
3,11,32.87,-2.49,240.6679,44.8333,5439.9702,5432.9249,-7.0454
3,12,34.14,-2.49,240.8285,43.2811,5451.9644,5448.346,-3.6184
3,13,35.41,-2.49,240.9776,41.7466,5464.4685,5459.6388,-4.8297
3,14,36.68,-2.49,241.1165,40.2299,5478.958,5480.1687,1.2107
3,15,37.95,-2.49,241.2461,38.7314,5500.8688,5505.1288,4.26
3,16,39.22,-2.49,241.3673,37.2513,5526.6012,5527.8022,1.2009
3,17,40.49,-2.49,241.4809,35.7897,5555.6307,5567.2559,11.6252
3,18,41.76,-2.49,241.5877,34.3468,5582.6757,5607.724,25.0483
3,19,43.03,-2.49,241.6882,32.9226,5605.3632,5641.8698,36.5066
3,20,44.3,-2.49,241.7829,31.5173,5629.429,5668.9955,39.5665
3,21,45.57,-2.49,241.8724,30.1309,5657.1115,5696.9813,39.8698
4,0,18.9,-1.22,241.3067,63.1209,5231.5897,5222.9181,-8.6715
4,1,20.17,-1.22,241.5386,61.3936,5253.2395,5239.9819,-13.2577
4,2,21.44,-1.22,241.7432,59.6792,5275.6581,5262.441,-13.2171
4,3,22.71,-1.22,241.925,57.9781,5303.7797,5290.7968,-12.9829
4,4,23.98,-1.22,242.0875,56.2912,5332.7664,5324.9841,-7.7823
4,5,25.25,-1.22,242.2338,54.619,5355.2607,5351.2514,-4.0092
4,6,26.52,-1.22,242.3661,52.962,5376.6507,5373.6346,-3.0162
4,7,27.79,-1.22,242.4863,51.3207,5394.5648,5387.174,-7.3908
4,8,29.06,-1.22,242.596,49.6956,5403.4183,5386.1944,-17.2239
4,9,30.33,-1.22,242.6966,48.0871,5413.4643,5393.5249,-19.9394
4,10,31.6,-1.22,242.789,46.4957,5419.2453,5396.5346,-22.7107
4,11,32.87,-1.22,242.8744,44.9215,5423.1843,5396.4935,-26.6908
4,12,34.14,-1.22,242.9534,43.3651,5432.3533,5405.8537,-26.4996
4,13,35.41,-1.22,243.0267,41.8266,5443.8606,5423.6685,-20.1921
4,14,36.68,-1.22,243.095,40.3062,5456.2938,5440.5063,-15.7875
4,15,37.95,-1.22,243.1587,38.8043,5477.5258,5461.4925,-16.0333
4,16,39.22,-1.22,243.2183,37.3209,5502.7971,5479.2679,-23.5292
4,17,40.49,-1.22,243.2741,35.8563,5533.5145,5526.8033,-6.7112
4,18,41.76,-1.22,243.3266,34.4105,5561.4067,5574.673,13.2662
4,19,43.03,-1.22,243.376,32.9837,5585.4831,5615.0452,29.5621
4,20,44.3,-1.22,243.4225,31.5758,5606.0621,5647.0749,41.0128
4,21,45.57,-1.22,243.4664,30.187,5628.833,5670.6032,41.7702
5,0,18.9,0.05,245.1516,63.1746,5212.6864,5199.0922,-13.5942
5,1,20.17,0.05,245.142,61.4436,5236.0763,5222.567,-13.5093
5,2,21.44,0.05,245.1336,59.7258,5261.8534,5248.4028,-13.4506
5,3,22.71,0.05,245.1261,58.0218,5290.0186,5278.6044,-11.4142
5,4,23.98,0.05,245.1195,56.3322,5316.8646,5313.8641,-3.0005
5,5,25.25,0.05,245.1135,54.6576,5341.1795,5343.1966,2.0171
5,6,26.52,0.05,245.108,52.9984,5365.8044,5368.3235,2.5191
5,7,27.79,0.05,245.1031,51.3551,5384.0997,5380.7671,-3.3326
5,8,29.06,0.05,245.0986,49.7282,5393.2914,5382.0273,-11.2641
5,9,30.33,0.05,245.0945,48.118,5400.9559,5386.1036,-14.8524
5,10,31.6,0.05,245.0907,46.525,5409.0285,5389.4206,-19.6079
5,11,32.87,0.05,245.0872,44.9494,5412.8117,5386.2107,-26.601
5,12,34.14,0.05,245.0839,43.3916,5417.8908,5391.2353,-26.6555
5,13,35.41,0.05,245.0809,41.8519,5428.115,5407.9321,-20.1829
5,14,36.68,0.05,245.0781,40.3304,5438.9515,5422.7666,-16.1849
5,15,37.95,0.05,245.0755,38.8273,5456.7864,5438.3107,-18.4757
5,16,39.22,0.05,245.073,37.3429,5483.129,5455.2694,-27.8597
5,17,40.49,0.05,245.0708,35.8773,5511.9117,5488.6962,-23.2155
5,18,41.76,0.05,245.0686,34.4306,5539.6371,5537.4472,-2.1898
5,19,43.03,0.05,245.0666,33.0029,5566.7346,5586.1079,19.3733
5,20,44.3,0.05,245.0647,31.5943,5587.8539,5628.9231,41.0692
5,21,45.57,0.05,245.0629,30.2048,5608.4587,5652.4592,44.0005
6,0,18.9,1.32,248.9951,63.1117,5190.0698,5176.4756,-13.5942
6,1,20.17,1.32,248.7443,61.3851,5217.314,5203.7199,-13.5942
6,2,21.44,1.32,248.5231,59.6712,5247.4314,5233.8372,-13.5942
6,3,22.71,1.32,248.3265,57.9707,5278.0288,5266.4019,-11.6269
6,4,23.98,1.32,248.1507,56.2842,5306.6469,5303.3262,-3.3207
6,5,25.25,1.32,247.9925,54.6124,5338.4985,5341.6903,3.1918
6,6,26.52,1.32,247.8495,52.9557,5364.2327,5367.4245,3.1918
6,7,27.79,1.32,247.7195,51.3148,5382.0275,5381.9013,-0.1262
6,8,29.06,1.32,247.6008,49.69,5393.0,5387.2635,-5.7366
6,9,30.33,1.32,247.492,48.0819,5399.6432,5391.7936,-7.8496
6,10,31.6,1.32,247.392,46.4907,5405.619,5394.2374,-11.3815
6,11,32.87,1.32,247.2997,44.9168,5408.0638,5394.5515,-13.5123
6,12,34.14,1.32,247.2142,43.3606,5412.5142,5398.6217,-13.8925
6,13,35.41,1.32,247.1349,41.8223,5418.4654,5405.5798,-12.8856
6,14,36.68,1.32,247.061,40.3021,5426.056,5414.9722,-11.0837
6,15,37.95,1.32,246.9921,38.8004,5439.1269,5423.8732,-15.2538
6,16,39.22,1.32,246.9276,37.3172,5464.8765,5440.2458,-24.6307
6,17,40.49,1.32,246.8672,35.8527,5491.9167,5464.5897,-27.327
6,18,41.76,1.32,246.8105,34.4071,5516.9764,5514.2777,-2.6987
6,19,43.03,1.32,246.7571,32.9804,5542.5448,5559.7276,17.1828
6,20,44.3,1.32,246.7067,31.5727,5565.7239,5600.0586,34.3347
6,21,45.57,1.32,246.6592,30.184,5591.3741,5628.6008,37.2267
7,0,18.9,2.59,252.803,62.9332,5172.1984,5160.3926,-11.8058
7,1,20.17,2.59,252.3172,61.2189,5203.0854,5189.4912,-13.5942
7,2,21.44,2.59,251.8881,59.516,5237.4859,5223.8917,-13.5942
7,3,22.71,2.59,251.5063,57.8253,5271.5023,5257.9081,-13.5942
7,4,23.98,2.59,251.1644,56.1477,5305.7989,5301.5582,-4.2407
7,5,25.25,2.59,250.8566,54.4838,5342.7228,5345.0271,2.3043
7,6,26.52,2.59,250.5779,52.8345,5368.8857,5372.0775,3.1918
7,7,27.79,2.59,250.3245,51.2002,5389.7202,5391.3497,1.6295
7,8,29.06,2.59,250.0931,49.5815,5404.8649,5404.6035,-0.2614
7,9,30.33,2.59,249.8809,47.9789,5413.678,5411.8949,-1.7831
7,10,31.6,2.59,249.6856,46.3929,5416.3784,5416.4724,0.094
7,11,32.87,2.59,249.5053,44.8238,5414.57,5416.8868,2.3168
7,12,34.14,2.59,249.3384,43.2721,5414.8193,5414.1575,-0.6618
7,13,35.41,2.59,249.1833,41.7379,5419.4177,5417.1294,-2.2883
7,14,36.68,2.59,249.039,40.2217,5423.696,5420.0515,-3.6445
7,15,37.95,2.59,248.9043,38.7236,5432.4014,5424.5073,-7.8941
7,16,39.22,2.59,248.7782,37.2438,5451.2472,5435.2514,-15.9958
7,17,40.49,2.59,248.66,35.7825,5476.8295,5462.7977,-14.0318
7,18,41.76,2.59,248.549,34.3399,5502.4829,5507.4695,4.9866
7,19,43.03,2.59,248.4445,32.9161,5525.8374,5549.3068,23.4694
7,20,44.3,2.59,248.346,31.511,5550.3431,5583.2469,32.9038
7,21,45.57,2.59,248.2529,30.1249,5576.6673,5613.7442,37.0769
8,0,18.9,3.86,256.5429,62.6416,5166.9132,5179.6835,12.7703
8,1,20.17,3.86,255.8339,60.9472,5202.019,5192.5511,-9.4679
8,2,21.44,3.86,255.206,59.262,5239.3689,5225.7747,-13.5942
8,3,22.71,3.86,254.6463,57.5872,5277.3073,5267.424,-9.8833
8,4,23.98,3.86,254.1443,55.9239,5316.0432,5311.1398,-4.9034
8,5,25.25,3.86,253.6916,54.273,5351.4606,5348.026,-3.4346
8,6,26.52,3.86,253.2813,52.6355,5382.2694,5380.7608,-1.5086
8,7,27.79,3.86,252.9077,51.012,5404.7557,5406.1675,1.4118
8,8,29.06,3.86,252.5662,49.4033,5420.8844,5422.0477,1.1633
8,9,30.33,3.86,252.2529,47.8099,5431.2593,5432.0113,0.752
8,10,31.6,3.86,251.9643,46.2323,5432.4933,5435.7768,3.2835
8,11,32.87,3.86,251.6977,44.6711,5429.3484,5435.7456,6.3971
8,12,34.14,3.86,251.4507,43.1267,5427.4473,5434.9648,7.5176
8,13,35.41,3.86,251.2212,41.5993,5427.6491,5428.8642,1.2151
8,14,36.68,3.86,251.0074,40.0894,5428.9504,5427.4298,-1.5206
8,15,37.95,3.86,250.8077,38.5973,5433.2029,5428.4903,-4.7126
8,16,39.22,3.86,250.6209,37.1231,5446.62,5430.6977,-15.9224
8,17,40.49,3.86,250.4457,35.6671,5465.9762,5452.8537,-13.1226
8,18,41.76,3.86,250.281,34.2294,5489.5897,5493.9436,4.3539
8,19,43.03,3.86,250.126,32.8102,5514.3319,5532.4983,18.1664
8,20,44.3,3.86,249.9798,31.4096,5537.358,5566.7785,29.4205
8,21,45.57,3.86,249.8417,30.0276,5565.2811,5597.0878,31.8066
9,0,18.9,5.13,260.1858,62.241,5168.7801,5186.1306,17.3505
9,1,20.17,5.13,259.2699,60.5734,5205.3245,5219.4787,14.1542
9,2,21.44,5.13,258.4563,58.9121,5244.0187,5253.6669,9.6483
9,3,22.71,5.13,257.729,57.2588,5286.5734,5284.972,-1.6014
9,4,23.98,5.13,257.0752,55.615,5330.576,5325.6726,-4.9034
9,5,25.25,5.13,256.4844,53.9818,5366.9845,5362.0811,-4.9034
9,6,26.52,5.13,255.948,52.3604,5399.9184,5396.0868,-3.8316
9,7,27.79,5.13,255.459,50.7517,5424.6209,5425.4027,0.7818
9,8,29.06,5.13,255.0114,49.1566,5439.9144,5443.8857,3.9713
9,9,30.33,5.13,254.6001,47.5758,5452.1814,5456.6239,4.4424
9,10,31.6,5.13,254.2211,46.0099,5451.0928,5456.9514,5.8586
9,11,32.87,5.13,253.8706,44.4595,5447.5207,5455.0151,7.4944
9,12,34.14,5.13,253.5455,42.9251,5444.6797,5446.0488,1.3692
9,13,35.41,5.13,253.2433,41.4071,5440.704,5436.7585,-3.9455
9,14,36.68,5.13,252.9616,39.906,5436.3323,5429.3663,-6.966
9,15,37.95,5.13,252.6985,38.4221,5438.6462,5427.6258,-11.0204
9,16,39.22,5.13,252.452,36.9556,5447.5031,5429.246,-18.2571
9,17,40.49,5.13,252.2208,35.5069,5460.7325,5435.455,-25.2775
9,18,41.76,5.13,252.0034,34.076,5479.2127,5473.6416,-5.5711
9,19,43.03,5.13,251.7987,32.6633,5504.5815,5513.5478,8.9663
9,20,44.3,5.13,251.6055,31.2687,5532.609,5552.4794,19.8704
9,21,45.57,5.13,251.423,29.8925,5560.7672,5582.1078,21.3406
10,0,18.9,6.4,263.7074,61.7369,5171.3005,5186.8465,15.5459
10,1,20.17,6.4,262.6044,60.1021,5213.1407,5225.9568,12.8161
10,2,21.44,6.4,261.6208,58.4702,5253.4985,5263.1086,9.6101
10,3,22.71,6.4,260.7386,56.8435,5300.1456,5302.5294,2.3838
10,4,23.98,6.4,259.9433,55.2238,5344.8865,5340.9281,-3.9584
10,5,25.25,6.4,259.223,53.6126,5385.0111,5380.1077,-4.9034
10,6,26.52,6.4,258.5676,52.0114,5420.085,5415.1817,-4.9034
10,7,27.79,6.4,257.969,50.4212,5445.8345,5448.3078,2.4732
10,8,29.06,6.4,257.4202,48.8432,5463.4758,5471.501,8.0252
10,9,30.33,6.4,256.9153,47.2781,5472.6402,5481.1033,8.4631
10,10,31.6,6.4,256.4493,45.7269,5473.624,5482.0294,8.4054
10,11,32.87,6.4,256.018,44.1901,5470.1676,5476.7721,6.6044
10,12,34.14,6.4,255.6176,42.6684,5465.8445,5465.5248,-0.3197
10,13,35.41,6.4,255.245,41.1623,5459.0406,5453.2983,-5.7423
10,14,36.68,6.4,254.8974,39.6723,5452.0491,5441.5308,-10.5183
10,15,37.95,6.4,254.5725,38.1987,5450.6025,5434.9917,-15.6108
10,16,39.22,6.4,254.268,36.7421,5454.2004,5426.8401,-27.3604
10,17,40.49,6.4,253.9821,35.3025,5465.8166,5426.1305,-39.6862
10,18,41.76,6.4,253.7132,33.8803,5483.5066,5457.8474,-25.6592
10,19,43.03,6.4,253.4598,32.4757,5509.6774,5501.814,-7.8635
10,20,44.3,6.4,253.2206,31.0889,5536.4636,5539.7961,3.3324
10,21,45.57,6.4,252.9945,29.72,5569.4045,5571.111,1.7065
11,0,18.9,7.67,267.0883,61.1356,5175.625,5189.6413,14.0163
11,1,20.17,7.67,265.8202,59.5386,5219.5892,5231.2086,11.6194
11,2,21.44,7.67,264.6843,57.9409,5268.3512,5279.405,11.0538
11,3,22.71,7.67,263.6617,56.3452,5318.1665,5323.3887,5.2222
11,4,23.98,7.67,262.7369,54.7538,5361.3113,5359.4389,-1.8724
11,5,25.25,7.67,261.8968,53.1686,5401.4016,5396.4982,-4.9034
11,6,26.52,7.67,261.1307,51.5911,5440.0559,5434.6808,-5.3751
11,7,27.79,7.67,260.4294,50.0229,5469.4451,5472.7725,3.3274
11,8,29.06,7.67,259.7853,48.4651,5487.7145,5498.8185,11.104
11,9,30.33,7.67,259.1917,46.9188,5497.1885,5508.161,10.9725
11,10,31.6,7.67,258.6431,45.385,5497.8524,5508.3394,10.4869
11,11,32.87,7.67,258.1346,43.8644,5495.7608,5503.8133,8.0526
11,12,34.14,7.67,257.662,42.3579,5493.2282,5493.7058,0.4776
11,13,35.41,7.67,257.2218,40.866,5487.4034,5481.5891,-5.8144
11,14,36.68,7.67,256.8107,39.3893,5482.1258,5471.188,-10.9378
11,15,37.95,7.67,256.426,37.9283,5475.9359,5453.9024,-22.0336
11,16,39.22,7.67,256.0653,36.4833,5473.4936,5432.429,-41.0646
11,17,40.49,7.67,255.7264,35.0548,5484.6089,5428.5787,-56.0302
11,18,41.76,7.67,255.4074,33.6431,5502.884,5461.391,-41.4931
11,19,43.03,7.67,255.1067,32.2483,5526.3043,5499.368,-26.9363
11,20,44.3,7.67,254.8227,30.8708,5550.3078,5533.1495,-17.1584
11,21,45.57,7.67,254.554,29.5107,5582.1959,5571.2603,-10.9356
12,0,18.9,8.94,270.3149,60.4442,5167.036,5179.0378,12.0018
12,1,20.17,8.94,268.9045,58.8889,5211.5196,5222.5733,11.0538
12,2,21.44,8.94,267.635,57.3293,5271.3635,5282.4172,11.0538
12,3,22.71,8.94,266.4875,55.7685,5336.7325,5344.7443,8.0118
12,4,23.98,8.94,265.446,54.2089,5376.7651,5375.276,-1.4891
12,5,25.25,8.94,264.497,52.653,5420.7613,5415.5636,-5.1977
12,6,26.52,8.94,263.6292,51.1026,5465.1847,5457.865,-7.3196
12,7,27.79,8.94,262.8329,49.5593,5494.2915,5493.9183,-0.3732
12,8,29.06,8.94,262.1,48.0247,5511.566,5519.3343,7.7683
12,9,30.33,8.94,261.4233,46.4999,5523.0955,5534.5545,11.459
12,10,31.6,8.94,260.7968,44.9861,5526.2104,5538.3588,12.1484
12,11,32.87,8.94,260.2153,43.4843,5525.4715,5535.8373,10.3658
12,12,34.14,8.94,259.6741,41.9953,5523.9574,5527.7571,3.7998
12,13,35.41,8.94,259.1694,40.5197,5519.1951,5516.2727,-2.9224
12,14,36.68,8.94,258.6976,39.0584,5514.0504,5502.4926,-11.5578
12,15,37.95,8.94,258.2557,37.6118,5510.9908,5484.4889,-26.5019
12,16,39.22,8.94,257.8409,36.1805,5508.8227,5460.3511,-48.4716
12,17,40.49,8.94,257.4509,34.7648,5513.8087,5451.4953,-62.3133
12,18,41.76,8.94,257.0835,33.3652,5528.4144,5472.5388,-55.8756
12,19,43.03,8.94,256.7369,31.9819,5552.6275,5517.7369,-34.8906
12,20,44.3,8.94,256.4094,30.6152,5579.9148,5557.4419,-22.4729
12,21,45.57,8.94,256.0994,29.2654,5611.8628,5594.0535,-17.8093
13,0,18.9,10.21,273.3784,59.67,5148.7802,5139.4515,-9.3287
13,1,20.17,10.21,271.8484,58.1597,5199.1128,5210.1666,11.0538
13,2,21.44,10.21,270.4644,56.6412,5270.4837,5281.5375,11.0538
13,3,22.71,10.21,269.2078,55.1182,5344.1506,5347.0701,2.9195
13,4,23.98,10.21,268.0629,53.5936,5397.4247,5394.1036,-3.3211
13,5,25.25,10.21,267.0163,52.0698,5444.756,5439.167,-5.589
13,6,26.52,10.21,266.0563,50.5492,5488.1725,5480.6836,-7.4889
13,7,27.79,10.21,265.1732,49.0336,5514.3211,5509.4961,-4.825
13,8,29.06,10.21,264.3585,47.5247,5532.7531,5537.2503,4.4971
13,9,30.33,10.21,263.6048,46.0239,5548.2463,5558.3374,10.0911
13,10,31.6,10.21,262.9057,44.5325,5555.6106,5568.3357,12.7251
13,11,32.87,10.21,262.2557,43.0516,5558.6653,5570.7173,12.052
13,12,34.14,10.21,261.65,41.5822,5558.4539,5567.0649,8.611
13,13,35.41,10.21,261.0842,40.1251,5554.8509,5558.8721,4.0212
13,14,36.68,10.21,260.5547,38.681,5551.4568,5545.3338,-6.123
13,15,37.95,10.21,260.0582,37.2507,5551.5054,5526.4628,-25.0426
13,16,39.22,10.21,259.5917,35.8348,5553.965,5512.3332,-41.6318
13,17,40.49,10.21,259.1527,34.4336,5558.2222,5508.0612,-50.161
13,18,41.76,10.21,258.7389,33.0476,5572.558,5521.5163,-51.0417
13,19,43.03,10.21,258.3481,31.6773,5596.1016,5562.2789,-33.8227
13,20,44.3,10.21,257.9786,30.3229,5625.5923,5603.646,-21.9462
13,21,45.57,10.21,257.6286,28.9847,5662.4102,5645.9282,-16.482
14,0,18.9,11.48,276.2748,58.8207,5132.7261,5074.616,-58.1101
14,1,20.17,11.48,274.6469,57.3574,5200.7456,5158.7806,-41.9651
14,2,21.44,11.48,273.1667,55.8824,5273.9814,5279.8768,5.8954
14,3,22.71,11.48,271.8168,54.3996,5351.5922,5348.2711,-3.3211
14,4,23.98,11.48,270.5819,52.9123,5417.8679,5414.5467,-3.3211
14,5,25.25,11.48,269.4491,51.4231,5464.6487,5459.3079,-5.3408
14,6,26.52,11.48,268.4069,49.9347,5505.5913,5498.4722,-7.1191
14,7,27.79,11.48,267.4454,48.4491,5537.2266,5531.6449,-5.5817
14,8,29.06,11.48,266.5562,46.9681,5556.6489,5557.4561,0.8072
14,9,30.33,11.48,265.7318,45.4934,5574.3393,5581.396,7.0567
14,10,31.6,11.48,264.9656,44.0265,5584.2851,5595.5361,11.251
14,11,32.87,11.48,264.252,42.5685,5590.7135,5601.1909,10.4774
14,12,34.14,11.48,263.5859,41.1206,5592.9181,5602.8716,9.9535
14,13,35.41,11.48,262.9628,39.6838,5593.8019,5602.4009,8.599
14,14,36.68,11.48,262.3789,38.2588,5595.866,5596.4011,0.5351
14,15,37.95,11.48,261.8307,36.8465,5597.7942,5581.3386,-16.4556
14,16,39.22,11.48,261.3152,35.4475,5601.8627,5570.3025,-31.5602
14,17,40.49,11.48,260.8295,34.0624,5611.0083,5573.1308,-37.8775
14,18,41.76,11.48,260.3711,32.6917,5625.1569,5588.331,-36.8259
14,19,43.03,11.48,259.938,31.3357,5647.8936,5623.0984,-24.7953
14,20,44.3,11.48,259.5282,29.995,5677.6808,5667.2442,-10.4366
14,21,45.57,11.48,259.1397,28.6697,5712.0088,5710.0748,-1.9339
15,0,18.9,12.75,279.0037,57.9037,5134.9124,5076.8024,-58.1101
15,1,20.17,12.75,277.2981,56.4888,5210.3498,5152.2398,-58.1101
15,2,21.44,12.75,275.7392,55.0589,5286.8576,5273.0797,-13.7779
15,3,22.71,12.75,274.311,53.618,5364.5044,5364.061,-0.4434
15,4,23.98,12.75,272.9993,52.1698,5435.7688,5433.9668,-1.802
15,5,25.25,12.75,271.7915,50.7172,5487.8647,5483.1772,-4.6875
15,6,26.52,12.75,270.6768,49.2628,5523.7847,5517.0442,-6.7405
15,7,27.79,12.75,269.6456,47.8091,5557.3474,5548.3195,-9.0279
15,8,29.06,12.75,268.6893,46.358,5581.7372,5574.4483,-7.2889
15,9,30.33,12.75,267.8007,44.9113,5597.7982,5597.1019,-0.6963
15,10,31.6,12.75,266.9731,43.4707,5611.9667,5617.0346,5.0679
15,11,32.87,12.75,266.2009,42.0374,5623.0547,5631.1179,8.0631
15,12,34.14,12.75,265.4788,40.6128,5629.7675,5639.2914,9.5239
15,13,35.41,12.75,264.8023,39.1978,5634.0275,5643.8859,9.8584
15,14,36.68,12.75,264.1675,37.7936,5638.2527,5641.1119,2.8591
15,15,37.95,12.75,263.5707,36.4008,5643.8858,5637.6848,-6.2011
15,16,39.22,12.75,263.0088,35.0203,5650.6751,5633.7879,-16.8872
15,17,40.49,12.75,262.4788,33.6526,5661.3477,5640.4326,-20.9152
15,18,41.76,12.75,261.9783,32.2985,5675.2024,5655.2228,-19.9796
15,19,43.03,12.75,261.5048,30.9582,5696.179,5689.0733,-7.1057
15,20,44.3,12.75,261.0564,29.6324,5724.2139,5733.4459,9.232
15,21,45.57,12.75,260.6311,28.3213,5754.3086,5775.5201,21.2115
16,0,18.9,14.02,281.568,56.9262,5152.2887,5116.7699,-35.5188
16,1,20.17,14.02,279.8028,55.5603,5225.6966,5207.7501,-17.9465
16,2,21.44,14.02,278.1814,54.1765,5312.0275,5312.8899,0.8624
16,3,22.71,14.02,276.6891,52.7788,5386.524,5389.1499,2.6258
16,4,23.98,14.02,275.3129,51.371,5460.063,5461.0949,1.0319
16,5,25.25,14.02,274.0411,49.9563,5508.7392,5508.2039,-0.5353
16,6,26.52,14.02,272.8635,48.5375,5544.0465,5532.1484,-11.8981
16,7,27.79,14.02,271.7709,47.1172,5578.2627,5559.0588,-19.204
16,8,29.06,14.02,270.755,45.6976,5604.5757,5590.1893,-14.3864
16,9,30.33,14.02,269.8087,44.2805,5621.2786,5615.1273,-6.1513
16,10,31.6,14.02,268.9255,42.8677,5638.6983,5638.098,-0.6003
16,11,32.87,14.02,268.0996,41.4607,5653.5182,5657.4478,3.9296
16,12,34.14,14.02,267.3261,40.0608,5663.1493,5670.6882,7.5389
16,13,35.41,14.02,266.6003,38.6693,5671.3555,5681.9151,10.5596
16,14,36.68,14.02,265.9181,37.2871,5678.2298,5685.9688,7.739
16,15,37.95,14.02,265.2759,35.9153,5686.1496,5688.4024,2.2528
16,16,39.22,14.02,264.6705,34.5546,5693.9814,5691.324,-2.6574
16,17,40.49,14.02,264.0988,33.2058,5706.1178,5701.6111,-4.5067
16,18,41.76,14.02,263.5583,31.8694,5719.9464,5716.1412,-3.8052
16,19,43.03,14.02,263.0466,30.5461,5739.1786,5751.7047,12.5261
16,20,44.3,14.02,262.5615,29.2364,5762.5673,5791.2901,28.7229
16,21,45.57,14.02,262.101,27.9406,5787.3086,5824.8242,37.5157
17,0,18.9,15.29,283.9727,55.8952,5183.106,5185.1767,2.0706
17,1,20.17,15.29,282.1642,54.5785,5259.5742,5281.3246,21.7503
17,2,21.44,15.29,280.4947,53.241,5343.0423,5367.0034,23.9612
17,3,22.71,15.29,278.9513,51.8871,5420.0645,5425.1524,5.0879
17,4,23.98,15.29,277.5222,50.5206,5487.3497,5490.9984,3.6487
17,5,25.25,15.29,276.1968,49.1449,5530.6876,5528.505,-2.1826
17,6,26.52,15.29,274.9654,47.7628,5567.4544,5545.8699,-21.5845
17,7,27.79,15.29,273.8195,46.3772,5602.3812,5577.8854,-24.4958
17,8,29.06,15.29,272.7512,44.9902,5626.4793,5605.8963,-20.583
17,9,30.33,15.29,271.7536,43.604,5644.2794,5634.403,-9.8764
17,10,31.6,15.29,270.8205,42.2203,5661.7295,5657.801,-3.9285
17,11,32.87,15.29,269.9462,40.8409,5678.2869,5678.1078,-0.1791
17,12,34.14,15.29,269.1258,39.4671,5691.7473,5696.1463,4.3991
17,13,35.41,15.29,268.3546,38.1003,5703.4293,5711.6612,8.2319
17,14,36.68,15.29,267.6287,36.7415,5714.802,5726.0964,11.2943
17,15,37.95,15.29,266.9444,35.3918,5725.2111,5734.5264,9.3153
17,16,39.22,15.29,266.2984,34.0522,5735.0585,5742.7236,7.6651
17,17,40.49,15.29,265.6877,32.7233,5746.2452,5753.6471,7.402
17,18,41.76,15.29,265.1097,31.406,5760.7626,5768.8684,8.1058
17,19,43.03,15.29,264.5618,30.1007,5777.5102,5796.4391,18.9289
17,20,44.3,15.29,264.0419,28.8082,5795.49,5836.4891,40.9991
17,21,45.57,15.29,263.548,27.5287,5817.5353,5866.6417,49.1065
18,0,18.9,16.56,286.2245,54.8171,5221.6883,5256.6636,34.9753
18,1,20.17,16.56,284.3867,53.5491,5297.5843,5350.2827,52.6984
18,2,21.44,16.56,282.6821,52.258,5379.0352,5411.628,32.5928
18,3,22.71,16.56,281.0993,50.9481,5454.9439,5467.4949,12.551
18,4,23.98,16.56,279.628,49.6234,5514.9587,5516.8595,1.9008
18,5,25.25,16.56,278.2585,48.2872,5556.7951,5548.4556,-8.3395
18,6,26.52,16.56,276.9821,46.9427,5591.5768,5572.2219,-19.3549
18,7,27.79,16.56,275.7906,45.5925,5622.2415,5602.7307,-19.5108
18,8,29.06,16.56,274.6769,44.2392,5645.95,5627.2497,-18.7003
18,9,30.33,16.56,273.6343,42.8849,5664.2398,5653.9368,-10.303
18,10,31.6,16.56,272.6568,41.5314,5682.5915,5678.3421,-4.2494
18,11,32.87,16.56,271.7391,40.1806,5702.4887,5701.5787,-0.9101
18,12,34.14,16.56,270.8762,38.834,5720.9879,5722.0461,1.0582
18,13,35.41,16.56,270.0638,37.493,5735.5307,5740.4394,4.9087
18,14,36.68,16.56,269.2979,36.1587,5747.9701,5757.0066,9.0365
18,15,37.95,16.56,268.5747,34.8323,5759.283,5771.7405,12.4574
18,16,39.22,16.56,267.8911,33.5148,5769.8267,5783.8048,13.9781
18,17,40.49,16.56,267.2441,32.207,5780.6248,5794.7249,14.1001
18,18,41.76,16.56,266.6309,30.9096,5792.9412,5806.4741,13.5329
18,19,43.03,16.56,266.0491,29.6235,5807.6015,5826.18,18.5785
18,20,44.3,16.56,265.4965,28.3491,5823.9436,5859.2595,35.3159
18,21,45.57,16.56,264.971,27.0869,5842.3271,5888.6435,46.3165
19,0,18.9,17.83,288.3314,53.698,5257.943,5313.9624,56.0194
19,1,20.17,17.83,286.4762,52.4779,5337.1005,5398.4076,61.3071
19,2,21.44,17.83,284.7477,51.2327,5415.553,5456.9229,41.3699
19,3,22.71,17.83,283.1361,49.9667,5484.7496,5493.7758,9.0262
19,4,23.98,17.83,281.6321,48.6838,5540.5729,5535.9538,-4.6192
19,5,25.25,17.83,280.2274,47.3875,5580.86,5568.6695,-12.1905
19,6,26.52,17.83,278.9138,46.081,5611.179,5596.0317,-15.1473
19,7,27.79,17.83,277.6841,44.7669,5637.8433,5623.3944,-14.4489
19,8,29.06,17.83,276.5315,43.4479,5662.0893,5650.7557,-11.3336
19,9,30.33,17.83,275.4499,42.1262,5681.9504,5674.7301,-7.2203
19,10,31.6,17.83,274.4335,40.8038,5701.7458,5699.1309,-2.6149
19,11,32.87,17.83,273.4772,39.4825,5723.2289,5722.3783,-0.8506
19,12,34.14,17.83,272.5763,38.164,5742.5971,5742.186,-0.4111
19,13,35.41,17.83,271.7266,36.8497,5760.3356,5762.8065,2.4709
19,14,36.68,17.83,270.9242,35.5408,5774.3808,5781.6847,7.3038
19,15,37.95,17.83,270.1655,34.2387,5785.8015,5796.7693,10.9678
19,16,39.22,17.83,269.4473,32.9442,5796.2757,5810.7624,14.4866
19,17,40.49,17.83,268.7666,31.6583,5804.5011,5820.2743,15.7732
19,18,41.76,17.83,268.1207,30.3819,5816.9919,5832.282,15.2901
19,19,43.03,17.83,267.5073,29.1157,5831.9821,5845.5879,13.6058
19,20,44.3,17.83,266.924,27.8604,5848.1776,5866.8506,18.673
19,21,45.57,17.83,266.3687,26.6165,5866.6966,5907.0868,40.3901
20,0,18.9,19.1,290.3016,52.5434,5292.6197,5311.5942,18.9745
20,1,20.17,19.1,288.4392,51.3701,5369.2791,5395.3422,26.0631
20,2,21.44,19.1,286.6965,50.17,5450.0168,5477.8263,27.8095
20,3,22.71,19.1,285.0652,48.9475,5505.9712,5499.3763,-6.5948
20,4,23.98,19.1,283.5372,47.7063,5557.7217,5549.2657,-8.456
20,5,25.25,19.1,282.1052,46.4499,5601.629,5592.3182,-9.3108
20,6,26.52,19.1,280.7619,45.1814,5629.0117,5619.415,-9.5967
20,7,27.79,19.1,279.5006,43.9038,5653.2902,5645.3212,-7.969
20,8,29.06,19.1,278.3154,42.6196,5676.1729,5670.3312,-5.8417
20,9,30.33,19.1,277.2002,41.3311,5697.015,5694.2619,-2.7532
20,10,31.6,19.1,276.15,40.0404,5718.342,5717.4937,-0.8483
20,11,32.87,19.1,275.1599,38.7493,5738.9645,5738.6731,-0.2914
20,12,34.14,19.1,274.2253,37.4595,5759.0315,5759.8322,0.8007
20,13,35.41,19.1,273.3422,36.1727,5776.324,5778.6473,2.3233
20,14,36.68,19.1,272.5069,34.89,5792.347,5797.3447,4.9977
20,15,37.95,19.1,271.7158,33.6128,5807.8824,5816.3763,8.4939
20,16,39.22,19.1,270.9659,32.3422,5819.6919,5832.9533,13.2614
20,17,40.49,19.1,270.2543,31.0791,5829.2936,5844.2955,15.0018
20,18,41.76,19.1,269.5782,29.8245,5840.2139,5853.7831,13.5692
20,19,43.03,19.1,268.9353,28.579,5854.1444,5865.7731,11.6287
20,20,44.3,19.1,268.3233,27.3435,5867.8551,5879.2293,11.3742
20,21,45.57,19.1,267.7403,26.1186,5882.8888,5882.8888,0.0
21,0,18.9,20.37,292.1438,51.3583,5318.7345,5293.1073,-25.6273
21,1,20.17,20.37,290.2827,50.2306,5395.9593,5380.3171,-15.6422
21,2,21.44,20.37,288.534,49.0747,5471.1933,5459.0895,-12.1038
21,3,22.71,20.37,286.8909,47.8949,5525.668,5521.6515,-4.0165
21,4,23.98,20.37,285.3465,46.6949,5573.4936,5569.941,-3.5525
21,5,25.25,20.37,283.8943,45.4782,5616.9672,5615.0374,-1.9299
21,6,26.52,20.37,282.5279,44.2478,5642.7094,5639.7707,-2.9387
21,7,27.79,20.37,281.2413,43.0068,5666.6682,5663.2235,-3.4447
21,8,29.06,20.37,280.0291,41.7575,5689.152,5687.1091,-2.0429
21,9,30.33,20.37,278.8858,40.5025,5710.4944,5710.4806,-0.0138
21,10,31.6,20.37,277.8066,39.2439,5731.4004,5733.0877,1.6873
21,11,32.87,20.37,276.7871,37.9834,5751.5067,5754.3084,2.8018
21,12,34.14,20.37,275.8229,36.723,5770.2616,5773.6786,3.417
21,13,35.41,20.37,274.9101,35.4642,5788.0314,5791.0554,3.0239
21,14,36.68,20.37,274.0453,34.2084,5805.5107,5809.2541,3.7435
21,15,37.95,20.37,273.2251,32.9568,5821.4125,5827.933,6.5205
21,16,39.22,20.37,272.4464,31.7107,5834.8634,5845.0527,10.1893
21,17,40.49,20.37,271.7064,30.4711,5846.8218,5859.7332,12.9114
21,18,41.76,20.37,271.0025,29.2389,5858.4463,5870.7531,12.3068
21,19,43.03,20.37,270.3324,28.0149,5869.2051,5879.4808,10.2757
21,20,44.3,20.37,269.6939,26.7999,5879.5841,5889.4863,9.9022
21,21,45.57,20.37,269.0849,25.5946,5895.788,5895.788,0.0
22,0,18.9,21.64,293.8666,50.1474,5347.4782,5312.0364,-35.4419
22,1,20.17,21.64,292.0136,49.0638,5416.0911,5395.1409,-20.9502
22,2,21.44,21.64,290.266,47.9511,5488.0718,5480.0276,-8.0442
22,3,22.71,21.64,288.6179,46.8131,5541.9039,5543.7924,1.8885
22,4,23.98,21.64,287.0637,45.6537,5588.0914,5590.9774,2.886
22,5,25.25,21.64,285.5976,44.4761,5625.2149,5628.7062,3.4913
22,6,26.52,21.64,284.214,43.2836,5651.9165,5655.7989,3.8824
22,7,27.79,21.64,282.9078,42.0789,5676.952,5679.6576,2.7056
22,8,29.06,21.64,281.6738,40.8648,5699.7828,5701.0578,1.2751
22,9,30.33,21.64,280.5073,39.6434,5720.7947,5722.8429,2.0483
22,10,31.6,21.64,279.4037,38.417,5742.1161,5745.6183,3.5023
22,11,32.87,21.64,278.359,37.1876,5760.9797,5765.2076,4.2279
22,12,34.14,21.64,277.369,35.9569,5780.8777,5784.4188,3.5411
22,13,35.41,21.64,276.4302,34.7266,5799.8831,5802.3503,2.4671
22,14,36.68,21.64,275.5392,33.498,5817.2727,5819.5854,2.3126
22,15,37.95,21.64,274.6928,32.2727,5830.9447,5834.1627,3.2181
22,16,39.22,21.64,273.8881,31.0516,5844.0158,5850.104,6.0882
22,17,40.49,21.64,273.1224,29.836,5856.6544,5866.5503,9.8959
22,18,41.76,21.64,272.3932,28.6268,5867.2,5876.6427,9.4427
22,19,43.03,21.64,271.698,27.4249,5878.3193,5888.2215,9.9022
22,20,44.3,21.64,271.0349,26.231,5887.4796,5897.3818,9.9022
22,21,45.57,21.64,270.4018,25.046,5898.7209,5898.7209,0.0
23,0,18.9,22.91,295.4785,48.9149,5369.7117,5336.0272,-33.6845
23,1,20.17,22.91,293.6393,47.874,5435.8226,5422.7405,-13.0821
23,2,21.44,22.91,291.8984,46.803,5503.3473,5500.2594,-3.0879
23,3,22.71,22.91,290.2512,45.7059,5553.0829,5556.3917,3.3088
23,4,23.98,22.91,288.6928,44.5862,5595.0281,5599.3409,4.3127
23,5,25.25,22.91,287.2183,43.4472,5629.6997,5635.5598,5.8601
23,6,26.52,22.91,285.823,42.2921,5656.8234,5663.3944,6.5709
23,7,27.79,22.91,284.5021,41.1236,5682.8708,5688.3973,5.5265
23,8,29.06,22.91,283.2511,39.9443,5706.5722,5709.905,3.3327
23,9,30.33,22.91,282.0659,38.7566,5727.6665,5731.555,3.8885
23,10,31.6,22.91,280.9421,37.5626,5748.8067,5753.2845,4.4778
23,11,32.87,22.91,279.876,36.3643,5769.0682,5773.1315,4.0633
23,12,34.14,22.91,278.864,35.1635,5790.1161,5792.1365,2.0203
23,13,35.41,22.91,277.9026,33.962,5809.3068,5808.386,-0.9208
23,14,36.68,22.91,276.9885,32.7611,5826.6425,5824.6723,-1.9702
23,15,37.95,22.91,276.1189,31.5623,5840.0591,5838.8704,-1.1887
23,16,39.22,22.91,275.2909,30.3667,5852.0248,5851.515,-0.5098
23,17,40.49,22.91,274.502,29.1756,5862.4268,5863.5616,1.1347
23,18,41.76,22.91,273.7497,27.9898,5870.189,5874.3324,4.1434
23,19,43.03,22.91,273.0317,26.8105,5876.226,5876.226,0.0
23,20,44.3,22.91,272.346,25.6383,5881.5647,5881.5647,0.0
23,21,45.57,22.91,271.6906,24.474,5887.7159,5887.7159,0.0
24,0,18.9,24.18,296.9875,47.6646,5392.1106,5359.9917,-32.1189
24,1,20.17,24.18,295.1665,46.6647,5452.2005,5447.5998,-4.6007
24,2,21.44,24.18,293.4371,45.6342,5511.7394,5512.1845,0.4451
24,3,22.71,24.18,291.7956,44.5768,5558.9657,5560.764,1.7983
24,4,23.98,24.18,290.2379,43.4959,5599.2061,5602.5411,3.335
24,5,25.25,24.18,288.7599,42.3948,5633.2322,5638.6172,5.385
24,6,26.52,24.18,287.3575,41.2765,5660.7841,5667.483,6.6989
24,7,27.79,24.18,286.0264,40.1437,5686.701,5693.6111,6.9101
24,8,29.06,24.18,284.7629,38.999,5711.8439,5716.7173,4.8734
24,9,30.33,24.18,283.5629,37.8447,5732.5238,5737.199,4.6752
24,10,31.6,24.18,282.4229,36.683,5754.1286,5758.9069,4.7782
24,11,32.87,24.18,281.3391,35.5159,5776.2871,5779.3181,3.031
24,12,34.14,24.18,280.3084,34.3452,5798.5146,5798.6258,0.1112
24,13,35.41,24.18,279.3275,33.1726,5817.6433,5812.7855,-4.8577
24,14,36.68,24.18,278.3935,31.9996,5833.0229,5826.968,-6.055
24,15,37.95,24.18,277.5034,30.8276,5846.9739,5841.8019,-5.1719
24,16,39.22,24.18,276.6548,29.6578,5858.9882,5854.4707,-4.5176
24,17,40.49,24.18,275.845,28.4915,5868.6178,5865.004,-3.6138
24,18,41.76,24.18,275.0718,27.3297,5875.4833,5873.9044,-1.5789
24,19,43.03,24.18,274.3331,26.1732,5881.5726,5874.5519,-7.0207
24,20,44.3,24.18,273.6268,25.0231,5887.7248,5887.7248,0.0
24,21,45.57,24.18,272.951,23.88,5885.6199,5885.6199,0.0
25,0,18.9,25.45,298.4012,46.3999,5412.713,5400.163,-12.55
25,1,20.17,25.45,296.602,45.4394,5468.8957,5478.8184,9.9227
25,2,21.44,25.45,294.888,44.448,5517.4198,5521.5503,4.1305
25,3,22.71,25.45,293.2563,43.4291,5563.2045,5562.5171,-0.6874
25,4,23.98,25.45,291.7034,42.386,5603.386,5604.478,1.092
25,5,25.25,25.45,290.226,41.322,5635.324,5638.6432,3.3192
25,6,26.52,25.45,288.8205,40.2398,5662.9079,5667.8527,4.9448
25,7,27.79,25.45,287.4834,39.1422,5687.5775,5692.645,5.0675
25,8,29.06,25.45,286.211,38.0316,5713.1887,5717.6438,4.455
25,9,30.33,25.45,285.0001,36.9105,5736.0249,5740.5438,4.5189
25,10,31.6,25.45,283.8473,35.7809,5759.7416,5763.8891,4.1474
25,11,32.87,25.45,282.7493,34.6449,5782.6692,5784.2725,1.6033
25,12,34.14,25.45,281.7031,33.5042,5806.2367,5804.6735,-1.5632
25,13,35.41,25.45,280.7057,32.3606,5825.5812,5817.9053,-7.6759
25,14,36.68,25.45,279.7544,31.2156,5842.0946,5832.413,-9.6816
25,15,37.95,25.45,278.8466,30.0706,5854.6434,5846.4396,-8.2037
25,16,39.22,25.45,277.9797,28.9268,5866.341,5859.906,-6.435
25,17,40.49,25.45,277.1514,27.7856,5875.4363,5869.4786,-5.9578
25,18,41.76,25.45,276.3596,26.6479,5883.0823,5875.6451,-7.4372
25,19,43.03,25.45,275.6021,25.5147,5889.7901,5879.1867,-10.6034
25,20,44.3,25.45,274.877,24.3869,5894.2036,5880.9765,-13.227
25,21,45.57,25.45,274.1825,23.2653,5896.4198,5896.4198,0.0
26,0,18.9,26.72,299.7269,45.1239,5432.8064,5441.1604,8.354
26,1,20.17,26.72,297.9521,44.2012,5475.9424,5497.5027,21.5602
26,2,21.44,26.72,296.2566,43.2475,5522.4697,5533.959,11.4893
26,3,22.71,26.72,294.638,42.2658,5568.3137,5567.325,-0.9886
26,4,23.98,26.72,293.0934,41.2595,5603.3151,5601.6892,-1.6259
26,5,25.25,26.72,291.6202,40.2316,5632.9017,5634.3047,1.403
26,6,26.52,26.72,290.2152,39.1847,5662.4736,5665.3135,2.8399
26,7,27.79,26.72,288.8755,38.1216,5686.8828,5688.7396,1.8568
26,8,29.06,26.72,287.5978,37.0447,5713.172,5717.14,3.9681
26,9,30.33,26.72,286.3793,35.9564,5738.0902,5741.537,3.4468
26,10,31.6,26.72,285.2168,34.8586,5764.4199,5766.8563,2.4364
26,11,32.87,26.72,284.1076,33.7535,5788.4744,5788.5501,0.0757
26,12,34.14,26.72,283.0489,32.6427,5810.7082,5807.5178,-3.1904
26,13,35.41,26.72,282.0378,31.528,5833.5565,5825.2412,-8.3152
26,14,36.68,26.72,281.0719,30.411,5849.4285,5838.3471,-11.0814
26,15,37.95,26.72,280.1488,29.293,5862.9333,5854.1299,-8.8034
26,16,39.22,26.72,279.266,28.1754,5874.8177,5868.5702,-6.2475
26,17,40.49,26.72,278.4215,27.0594,5883.0982,5876.7374,-6.3608
26,18,41.76,26.72,277.613,25.946,5890.1127,5882.8673,-7.2454
26,19,43.03,26.72,276.8387,24.8363,5895.4347,5886.0493,-9.3854
26,20,44.3,26.72,276.0967,23.7312,5899.3835,5886.3646,-13.0189
26,21,45.57,26.72,275.3853,22.6315,5903.16,5889.8307,-13.3293
27,0,18.9,27.99,300.9712,43.8394,5443.2972,5477.4507,34.1535
27,1,20.17,27.99,299.2229,42.953,5484.8115,5513.8655,29.054
27,2,21.44,27.99,297.5483,42.0354,5527.1392,5546.5133,19.3741
27,3,22.71,27.99,295.9455,41.0898,5564.9718,5570.1588,5.187
27,4,23.98,27.99,294.4122,40.1191,5597.1513,5594.4056,-2.7457
27,5,25.25,27.99,292.9461,39.1263,5628.3625,5626.4673,-1.8952
27,6,26.52,27.99,291.5448,38.1139,5656.9465,5655.6527,-1.2938
27,7,27.79,27.99,290.2054,37.0846,5681.5473,5683.5808,2.0335
27,8,29.06,27.99,288.9255,36.0408,5708.1344,5712.6934,4.559
27,9,30.33,27.99,287.7023,34.9847,5736.8643,5739.7815,2.9172
27,10,31.6,27.99,286.5332,33.9184,5766.9391,5768.5048,1.5658
27,11,32.87,27.99,285.4156,32.8438,5792.5351,5793.9338,1.3987
27,12,34.14,27.99,284.3469,31.7628,5815.4507,5813.9578,-1.4929
27,13,35.41,27.99,283.3248,30.6769,5838.278,5830.6322,-7.6458
27,14,36.68,27.99,282.3468,29.5878,5857.3717,5845.987,-11.3847
27,15,37.95,27.99,281.4106,28.4968,5871.1069,5865.9254,-5.1815
27,16,39.22,27.99,280.5142,27.4054,5881.7727,5877.8407,-3.932
27,17,40.49,27.99,279.6554,26.3147,5889.7731,5884.9651,-4.808
27,18,41.76,27.99,278.8323,25.2257,5895.821,5889.1825,-6.6385
27,19,43.03,27.99,278.0431,24.1396,5900.4652,5891.7402,-8.725
27,20,44.3,27.99,277.2859,23.0573,5904.115,5892.018,-12.097
27,21,45.57,27.99,276.5591,21.9796,5906.0997,5892.9955,-13.1042