i-index (unitless),j-index (unitless),X-value (cm),Y-value (cm),Longitude (deg),Latitude (deg),Observation in Radius (count),500mb Height Analysis (m),dmin (~2.55),dminScaler
0,0,18.9,-6.3,226.5651,61.7802,8,5280.9502,2.5549,2.5
0,1,20.17,-6.3,227.6541,60.1426,8,5311.6987,2.5549,2.5
0,2,21.44,-6.3,228.6249,58.5082,7,5336.0681,2.5549,2.5
0,3,22.71,-6.3,229.4954,56.8793,7,5362.7818,2.5549,2.5
0,4,23.98,-6.3,230.28,55.2575,7,5389.5551,2.5549,2.5
0,5,25.25,-6.3,230.9905,53.6445,7,5417.2175,2.5549,2.5
0,6,26.52,-6.3,231.6367,52.0415,6,5438.7232,2.5549,2.5
0,7,27.79,-6.3,232.2269,50.4498,6,5454.5494,2.5549,2.5
0,8,29.06,-6.3,232.768,48.8702,7,5467.0134,2.5549,2.5
0,9,30.33,-6.3,233.2657,47.3038,6,5479.4954,2.5549,2.5
0,10,31.6,-6.3,233.7249,45.7513,6,5490.4623,2.5549,2.5
0,11,32.87,-6.3,234.15,44.2134,8,5499.0925,2.5549,2.5
0,12,34.14,-6.3,234.5446,42.6906,6,5513.4881,2.5549,2.5
0,13,35.41,-6.3,234.9117,41.1834,6,5532.1398,2.5549,2.5
0,14,36.68,-6.3,235.2542,39.6925,5,5551.9753,2.5549,2.5
0,15,37.95,-6.3,235.5744,38.2181,5,5572.2182,2.5549,2.5
0,16,39.22,-6.3,235.8744,36.7605,6,5595.3817,2.5549,2.5
0,17,40.49,-6.3,236.156,35.3202,6,5619.5231,2.5549,2.5
0,18,41.76,-6.3,236.4209,33.8972,5,5649.0543,2.5549,2.5
0,19,43.03,-6.3,236.6705,32.492,3,5670.6219,2.5549,2.5
0,20,44.3,-6.3,236.9061,31.1045,3,5685.1505,2.5549,2.5
0,21,45.57,-6.3,237.1288,29.7349,2,5698.2663,2.5549,2.5
1,0,18.9,-5.03,230.0969,62.2764,7,5277.8965,2.5549,2.5
1,1,20.17,-5.03,230.9972,60.6065,8,5305.4568,2.5549,2.5
1,2,21.44,-5.03,231.7967,58.9431,8,5330.215,2.5549,2.5
1,3,22.71,-5.03,232.5113,57.2879,8,5356.6905,2.5549,2.5
1,4,23.98,-5.03,233.1535,55.6423,8,5382.2658,2.5549,2.5
1,5,25.25,-5.03,233.7337,54.0076,7,5405.0856,2.5549,2.5
1,6,26.52,-5.03,234.2604,52.3848,8,5424.1714,2.5549,2.5
1,7,27.79,-5.03,234.7405,50.7748,8,5440.3758,2.5549,2.5
1,8,29.06,-5.03,235.18,49.1785,8,5455.7597,2.5549,2.5
1,9,30.33,-5.03,235.5836,47.5965,7,5464.5374,2.5549,2.5
1,10,31.6,-5.03,235.9557,46.0296,8,5473.0776,2.5549,2.5
1,11,32.87,-5.03,236.2997,44.4782,8,5480.8977,2.5549,2.5
1,12,34.14,-5.03,236.6187,42.9429,8,5494.0603,2.5549,2.5
1,13,35.41,-5.03,236.9152,41.4242,7,5511.2995,2.5549,2.5
1,14,36.68,-5.03,237.1916,39.9223,7,5526.6968,2.5549,2.5
1,15,37.95,-5.03,237.4499,38.4376,9,5548.3742,2.5549,2.5
1,16,39.22,-5.03,237.6917,36.9705,7,5576.6822,2.5549,2.5
1,17,40.49,-5.03,237.9185,35.5211,6,5599.3482,2.5549,2.5
1,18,41.76,-5.03,238.1318,34.0896,5,5623.1352,2.5549,2.5
1,19,43.03,-5.03,238.3327,32.6763,4,5651.2587,2.5549,2.5
1,20,44.3,-5.03,238.5221,31.2812,4,5674.0304,2.5549,2.5
1,21,45.57,-5.03,238.7012,29.9045,2,5686.7375,2.5549,2.5
2,0,18.9,-3.76,233.7484,62.6686,7,5265.4642,2.5549,2.5
2,1,20.17,-3.76,234.4404,60.9724,8,5291.5179,2.5549,2.5
2,2,21.44,-3.76,235.053,59.2855,8,5315.9311,2.5549,2.5
2,3,22.71,-3.76,235.5991,57.6092,9,5341.6372,2.5549,2.5
2,4,23.98,-3.76,236.0887,55.9446,8,5367.0332,2.5549,2.5
2,5,25.25,-3.76,236.5303,54.2926,8,5391.4225,2.5549,2.5
2,6,26.52,-3.76,236.9304,52.6539,8,5409.1112,2.5549,2.5
2,7,27.79,-3.76,237.2946,51.0295,8,5425.5107,2.5549,2.5
2,8,29.06,-3.76,237.6276,49.4198,10,5438.3778,2.5549,2.5
2,9,30.33,-3.76,237.9331,47.8255,9,5448.7684,2.5549,2.5
2,10,31.6,-3.76,238.2144,46.2472,10,5456.2157,2.5549,2.5
2,11,32.87,-3.76,238.4743,44.6853,9,5461.1544,2.5549,2.5
2,12,34.14,-3.76,238.7151,43.1402,9,5473.0309,2.5549,2.5
2,13,35.41,-3.76,238.9388,41.6122,10,5487.6281,2.5549,2.5
2,14,36.68,-3.76,239.1472,40.1017,9,5501.6982,2.5549,2.5
2,15,37.95,-3.76,239.3417,38.609,10,5524.8811,2.5549,2.5
2,16,39.22,-3.76,239.5238,37.1343,9,5553.5844,2.5549,2.5
2,17,40.49,-3.76,239.6946,35.6778,8,5580.2484,2.5549,2.5
2,18,41.76,-3.76,239.8551,34.2397,6,5604.0172,2.5549,2.5
2,19,43.03,-3.76,240.0061,32.82,6,5630.9098,2.5549,2.5
2,20,44.3,-3.76,240.1486,31.419,4,5655.13,2.5549,2.5
2,21,45.57,-3.76,240.2832,30.0367,3,5679.3213,2.5549,2.5
3,0,18.9,-2.49,237.4947,62.9514,5,5248.143,2.5549,2.5
3,1,20.17,-2.49,237.9624,61.2359,7,5271.8683,2.5549,2.5
3,2,21.44,-2.49,238.3755,59.5318,7,5297.4634,2.5549,2.5
3,3,22.71,-2.49,238.7429,57.8401,8,5323.5157,2.5549,2.5
3,4,23.98,-2.49,239.0718,56.1616,6,5350.3818,2.5549,2.5
3,5,25.25,-2.49,239.3681,54.4969,8,5373.6377,2.5549,2.5
3,6,26.52,-2.49,239.6361,52.8468,7,5393.9519,2.5549,2.5
3,7,27.79,-2.49,239.8799,51.2119,9,5409.2287,2.5549,2.5
3,8,29.06,-2.49,240.1026,49.5926,9,5418.8169,2.5549,2.5
3,9,30.33,-2.49,240.3067,47.9894,9,5430.4166,2.5549,2.5
3,10,31.6,-2.49,240.4945,46.4029,11,5436.8266,2.5549,2.5
3,11,32.87,-2.49,240.6679,44.8333,11,5439.9702,2.5549,2.5
3,12,34.14,-2.49,240.8285,43.2811,10,5451.9644,2.5549,2.5
3,13,35.41,-2.49,240.9776,41.7466,10,5464.4685,2.5549,2.5
3,14,36.68,-2.49,241.1165,40.2299,10,5478.958,2.5549,2.5
3,15,37.95,-2.49,241.2461,38.7314,11,5500.8688,2.5549,2.5
3,16,39.22,-2.49,241.3673,37.2513,10,5526.6012,2.5549,2.5
3,17,40.49,-2.49,241.4809,35.7897,9,5555.6307,2.5549,2.5
3,18,41.76,-2.49,241.5877,34.3468,9,5582.6757,2.5549,2.5
3,19,43.03,-2.49,241.6882,32.9226,8,5605.3632,2.5549,2.5
3,20,44.3,-2.49,241.7829,31.5173,7,5629.429,2.5549,2.5
3,21,45.57,-2.49,241.8724,30.1309,5,5657.1115,2.5549,2.5
4,0,18.9,-1.22,241.3067,63.1209,6,5231.5897,2.5549,2.5
4,1,20.17,-1.22,241.5386,61.3936,6,5253.2395,2.5549,2.5
4,2,21.44,-1.22,241.7432,59.6792,7,5275.6581,2.5549,2.5
4,3,22.71,-1.22,241.925,57.9781,6,5303.7797,2.5549,2.5
4,4,23.98,-1.22,242.0875,56.2912,6,5332.7664,2.5549,2.5
4,5,25.25,-1.22,242.2338,54.619,8,5355.2607,2.5549,2.5
4,6,26.52,-1.22,242.3661,52.962,8,5376.6507,2.5549,2.5
4,7,27.79,-1.22,242.4863,51.3207,10,5394.5648,2.5549,2.5
4,8,29.06,-1.22,242.596,49.6956,9,5403.4183,2.5549,2.5
4,9,30.33,-1.22,242.6966,48.0871,11,5413.4643,2.5549,2.5
4,10,31.6,-1.22,242.789,46.4957,13,5419.2453,2.5549,2.5
4,11,32.87,-1.22,242.8744,44.9215,11,5423.1843,2.5549,2.5
4,12,34.14,-1.22,242.9534,43.3651,12,5432.3533,2.5549,2.5
4,13,35.41,-1.22,243.0267,41.8266,12,5443.8606,2.5549,2.5
4,14,36.68,-1.22,243.095,40.3062,12,5456.2938,2.5549,2.5
4,15,37.95,-1.22,243.1587,38.8043,12,5477.5258,2.5549,2.5
4,16,39.22,-1.22,243.2183,37.3209,13,5502.7971,2.5549,2.5
4,17,40.49,-1.22,243.2741,35.8563,11,5533.5145,2.5549,2.5
4,18,41.76,-1.22,243.3266,34.4105,10,5561.4067,2.5549,2.5
4,19,43.03,-1.22,243.376,32.9837,8,5585.4831,2.5549,2.5
4,20,44.3,-1.22,243.4225,31.5758,6,5606.0621,2.5549,2.5
4,21,45.57,-1.22,243.4664,30.187,6,5628.833,2.5549,2.5
5,0,18.9,0.05,245.1516,63.1746,5,5212.6864,2.5549,2.5
5,1,20.17,0.05,245.142,61.4436,5,5236.0763,2.5549,2.5
5,2,21.44,0.05,245.1336,59.7258,5,5261.8534,2.5549,2.5
5,3,22.71,0.05,245.1261,58.0218,4,5290.0186,2.5549,2.5
5,4,23.98,0.05,245.1195,56.3322,5,5316.8646,2.5549,2.5
5,5,25.25,0.05,245.1135,54.6576,7,5341.1795,2.5549,2.5
5,6,26.52,0.05,245.108,52.9984,10,5365.8044,2.5549,2.5
5,7,27.79,0.05,245.1031,51.3551,8,5384.0997,2.5549,2.5
5,8,29.06,0.05,245.0986,49.7282,9,5393.2914,2.5549,2.5
5,9,30.33,0.05,245.0945,48.118,11,5400.9559,2.5549,2.5
5,10,31.6,0.05,245.0907,46.525,12,5409.0285,2.5549,2.5
5,11,32.87,0.05,245.0872,44.9494,12,5412.8117,2.5549,2.5
5,12,34.14,0.05,245.0839,43.3916,12,5417.8908,2.5549,2.5
5,13,35.41,0.05,245.0809,41.8519,13,5428.115,2.5549,2.5
5,14,36.68,0.05,245.0781,40.3304,13,5438.9515,2.5549,2.5
5,15,37.95,0.05,245.0755,38.8273,12,5456.7864,2.5549,2.5
5,16,39.22,0.05,245.073,37.3429,14,5483.129,2.5549,2.5
5,17,40.49,0.05,245.0708,35.8773,12,5511.9117,2.5549,2.5
5,18,41.76,0.05,245.0686,34.4306,12,5539.6371,2.5549,2.5
5,19,43.03,0.05,245.0666,33.0029,9,5566.7346,2.5549,2.5
5,20,44.3,0.05,245.0647,31.5943,7,5587.8539,2.5549,2.5
5,21,45.57,0.05,245.0629,30.2048,6,5608.4587,2.5549,2.5
6,0,18.9,1.32,248.9951,63.1117,5,5190.0698,2.5549,2.5
6,1,20.17,1.32,248.7443,61.3851,6,5217.314,2.5549,2.5
6,2,21.44,1.32,248.5231,59.6712,6,5247.4314,2.5549,2.5
6,3,22.71,1.32,248.3265,57.9707,5,5278.0288,2.5549,2.5
6,4,23.98,1.32,248.1507,56.2842,5,5306.6469,2.5549,2.5
6,5,25.25,1.32,247.9925,54.6124,8,5338.4985,2.5549,2.5
6,6,26.52,1.32,247.8495,52.9557,8,5364.2327,2.5549,2.5
6,7,27.79,1.32,247.7195,51.3148,6,5382.0275,2.5549,2.5
6,8,29.06,1.32,247.6008,49.69,8,5393.0,2.5549,2.5
6,9,30.33,1.32,247.492,48.0819,12,5399.6432,2.5549,2.5
6,10,31.6,1.32,247.392,46.4907,11,5405.619,2.5549,2.5
6,11,32.87,1.32,247.2997,44.9168,13,5408.0638,2.5549,2.5
6,12,34.14,1.32,247.2142,43.3606,16,5412.5142,2.5549,2.5
6,13,35.41,1.32,247.1349,41.8223,17,5418.4654,2.5549,2.5
6,14,36.68,1.32,247.061,40.3021,14,5426.056,2.5549,2.5
6,15,37.95,1.32,246.9921,38.8004,15,5439.1269,2.5549,2.5
6,16,39.22,1.32,246.9276,37.3172,16,5464.8765,2.5549,2.5
6,17,40.49,1.32,246.8672,35.8527,12,5491.9167,2.5549,2.5
6,18,41.76,1.32,246.8105,34.4071,12,5516.9764,2.5549,2.5
6,19,43.03,1.32,246.7571,32.9804,9,5542.5448,2.5549,2.5
6,20,44.3,1.32,246.7067,31.5727,8,5565.7239,2.5549,2.5
6,21,45.57,1.32,246.6592,30.184,7,5591.3741,2.5549,2.5
7,0,18.9,2.59,252.803,62.9332,5,5172.1984,2.5549,2.5
7,1,20.17,2.59,252.3172,61.2189,7,5203.0854,2.5549,2.5
7,2,21.44,2.59,251.8881,59.516,6,5237.4859,2.5549,2.5
7,3,22.71,2.59,251.5063,57.8253,5,5271.5023,2.5549,2.5
7,4,23.98,2.59,251.1644,56.1477,7,5305.7989,2.5549,2.5
7,5,25.25,2.59,250.8566,54.4838,7,5342.7228,2.5549,2.5
7,6,26.52,2.59,250.5779,52.8345,7,5368.8857,2.5549,2.5
7,7,27.79,2.59,250.3245,51.2002,6,5389.7202,2.5549,2.5
7,8,29.06,2.59,250.0931,49.5815,10,5404.8649,2.5549,2.5
7,9,30.33,2.59,249.8809,47.9789,11,5413.678,2.5549,2.5
7,10,31.6,2.59,249.6856,46.3929,14,5416.3784,2.5549,2.5
7,11,32.87,2.59,249.5053,44.8238,14,5414.57,2.5549,2.5
7,12,34.14,2.59,249.3384,43.2721,15,5414.8193,2.5549,2.5
7,13,35.41,2.59,249.1833,41.7379,17,5419.4177,2.5549,2.5
7,14,36.68,2.59,249.039,40.2217,15,5423.696,2.5549,2.5
7,15,37.95,2.59,248.9043,38.7236,14,5432.4014,2.5549,2.5
7,16,39.22,2.59,248.7782,37.2438,16,5451.2472,2.5549,2.5
7,17,40.49,2.59,248.66,35.7825,14,5476.8295,2.5549,2.5
7,18,41.76,2.59,248.549,34.3399,11,5502.4829,2.5549,2.5
7,19,43.03,2.59,248.4445,32.9161,9,5525.8374,2.5549,2.5
7,20,44.3,2.59,248.346,31.511,8,5550.3431,2.5549,2.5
7,21,45.57,2.59,248.2529,30.1249,8,5576.6673,2.5549,2.5
8,0,18.9,3.86,256.5429,62.6416,4,5166.9132,2.5549,2.5
8,1,20.17,3.86,255.8339,60.9472,5,5202.019,2.5549,2.5
8,2,21.44,3.86,255.206,59.262,5,5239.3689,2.5549,2.5
8,3,22.71,3.86,254.6463,57.5872,5,5277.3073,2.5549,2.5
8,4,23.98,3.86,254.1443,55.9239,5,5316.0432,2.5549,2.5
8,5,25.25,3.86,253.6916,54.273,6,5351.4606,2.5549,2.5
8,6,26.52,3.86,253.2813,52.6355,7,5382.2694,2.5549,2.5
8,7,27.79,3.86,252.9077,51.012,10,5404.7557,2.5549,2.5
8,8,29.06,3.86,252.5662,49.4033,10,5420.8844,2.5549,2.5
8,9,30.33,3.86,252.2529,47.8099,12,5431.2593,2.5549,2.5
8,10,31.6,3.86,251.9643,46.2323,16,5432.4933,2.5549,2.5
8,11,32.87,3.86,251.6977,44.6711,16,5429.3484,2.5549,2.5
8,12,34.14,3.86,251.4507,43.1267,16,5427.4473,2.5549,2.5
8,13,35.41,3.86,251.2212,41.5993,18,5427.6491,2.5549,2.5
8,14,36.68,3.86,251.0074,40.0894,17,5428.9504,2.5549,2.5
8,15,37.95,3.86,250.8077,38.5973,20,5433.2029,2.5549,2.5
8,16,39.22,3.86,250.6209,37.1231,15,5446.62,2.5549,2.5
8,17,40.49,3.86,250.4457,35.6671,16,5465.9762,2.5549,2.5
8,18,41.76,3.86,250.281,34.2294,13,5489.5897,2.5549,2.5
8,19,43.03,3.86,250.126,32.8102,10,5514.3319,2.5549,2.5
8,20,44.3,3.86,249.9798,31.4096,8,5537.358,2.5549,2.5
8,21,45.57,3.86,249.8417,30.0276,6,5565.2811,2.5549,2.5
9,0,18.9,5.13,260.1858,62.241,5,5168.7801,2.5549,2.5
9,1,20.17,5.13,259.2699,60.5734,5,5205.3245,2.5549,2.5
9,2,21.44,5.13,258.4563,58.9121,4,5244.0187,2.5549,2.5
9,3,22.71,5.13,257.729,57.2588,5,5286.5734,2.5549,2.5
9,4,23.98,5.13,257.0752,55.615,5,5330.576,2.5549,2.5
9,5,25.25,5.13,256.4844,53.9818,7,5366.9845,2.5549,2.5
9,6,26.52,5.13,255.948,52.3604,7,5399.9184,2.5549,2.5
9,7,27.79,5.13,255.459,50.7517,9,5424.6209,2.5549,2.5
9,8,29.06,5.13,255.0114,49.1566,11,5439.9144,2.5549,2.5
9,9,30.33,5.13,254.6001,47.5758,13,5452.1814,2.5549,2.5
9,10,31.6,5.13,254.2211,46.0099,15,5451.0928,2.5549,2.5
9,11,32.87,5.13,253.8706,44.4595,16,5447.5207,2.5549,2.5
9,12,34.14,5.13,253.5455,42.9251,16,5444.6797,2.5549,2.5
9,13,35.41,5.13,253.2433,41.4071,19,5440.704,2.5549,2.5
9,14,36.68,5.13,252.9616,39.906,14,5436.3323,2.5549,2.5
9,15,37.95,5.13,252.6985,38.4221,18,5438.6462,2.5549,2.5
9,16,39.22,5.13,252.452,36.9556,17,5447.5031,2.5549,2.5
9,17,40.49,5.13,252.2208,35.5069,15,5460.7325,2.5549,2.5
9,18,41.76,5.13,252.0034,34.076,13,5479.2127,2.5549,2.5
9,19,43.03,5.13,251.7987,32.6633,9,5504.5815,2.5549,2.5
9,20,44.3,5.13,251.6055,31.2687,9,5532.609,2.5549,2.5
9,21,45.57,5.13,251.423,29.8925,8,5560.7672,2.5549,2.5
10,0,18.9,6.4,263.7074,61.7369,5,5171.3005,2.5549,2.5
10,1,20.17,6.4,262.6044,60.1021,4,5213.1407,2.5549,2.5
10,2,21.44,6.4,261.6208,58.4702,4,5253.4985,2.5549,2.5
10,3,22.71,6.4,260.7386,56.8435,5,5300.1456,2.5549,2.5
10,4,23.98,6.4,259.9433,55.2238,7,5344.8865,2.5549,2.5
10,5,25.25,6.4,259.223,53.6126,7,5385.0111,2.5549,2.5
10,6,26.52,6.4,258.5676,52.0114,11,5420.085,2.5549,2.5
10,7,27.79,6.4,257.969,50.4212,11,5445.8345,2.5549,2.5
10,8,29.06,6.4,257.4202,48.8432,11,5463.4758,2.5549,2.5
10,9,30.33,6.4,256.9153,47.2781,14,5472.6402,2.5549,2.5
10,10,31.6,6.4,256.4493,45.7269,15,5473.624,2.5549,2.5
10,11,32.87,6.4,256.018,44.1901,16,5470.1676,2.5549,2.5
10,12,34.14,6.4,255.6176,42.6684,18,5465.8445,2.5549,2.5
10,13,35.41,6.4,255.245,41.1623,20,5459.0406,2.5549,2.5
10,14,36.68,6.4,254.8974,39.6723,19,5452.0491,2.5549,2.5
10,15,37.95,6.4,254.5725,38.1987,18,5450.6025,2.5549,2.5
10,16,39.22,6.4,254.268,36.7421,18,5454.2004,2.5549,2.5
10,17,40.49,6.4,253.9821,35.3025,16,5465.8166,2.5549,2.5
10,18,41.76,6.4,253.7132,33.8803,14,5483.5066,2.5549,2.5
10,19,43.03,6.4,253.4598,32.4757,10,5509.6774,2.5549,2.5
10,20,44.3,6.4,253.2206,31.0889,9,5536.4636,2.5549,2.5
10,21,45.57,6.4,252.9945,29.72,9,5569.4045,2.5549,2.5
11,0,18.9,7.67,267.0883,61.1356,4,5175.625,2.5549,2.5
11,1,20.17,7.67,265.8202,59.5386,5,5219.5892,2.5549,2.5
11,2,21.44,7.67,264.6843,57.9409,4,5268.3512,2.5549,2.5
11,3,22.71,7.67,263.6617,56.3452,5,5318.1665,2.5549,2.5
11,4,23.98,7.67,262.7369,54.7538,4,5361.3113,2.5549,2.5
11,5,25.25,7.67,261.8968,53.1686,7,5401.4016,2.5549,2.5
11,6,26.52,7.67,261.1307,51.5911,10,5440.0559,2.5549,2.5
11,7,27.79,7.67,260.4294,50.0229,10,5469.4451,2.5549,2.5
11,8,29.06,7.67,259.7853,48.4651,13,5487.7145,2.5549,2.5
11,9,30.33,7.67,259.1917,46.9188,15,5497.1885,2.5549,2.5
11,10,31.6,7.67,258.6431,45.385,15,5497.8524,2.5549,2.5
11,11,32.87,7.67,258.1346,43.8644,18,5495.7608,2.5549,2.5
11,12,34.14,7.67,257.662,42.3579,19,5493.2282,2.5549,2.5
11,13,35.41,7.67,257.2218,40.866,20,5487.4034,2.5549,2.5
11,14,36.68,7.67,256.8107,39.3893,19,5482.1258,2.5549,2.5
11,15,37.95,7.67,256.426,37.9283,20,5475.9359,2.5549,2.5
11,16,39.22,7.67,256.0653,36.4833,19,5473.4936,2.5549,2.5
11,17,40.49,7.67,255.7264,35.0548,18,5484.6089,2.5549,2.5
11,18,41.76,7.67,255.4074,33.6431,17,5502.884,2.5549,2.5
11,19,43.03,7.67,255.1067,32.2483,13,5526.3043,2.5549,2.5
11,20,44.3,7.67,254.8227,30.8708,9,5550.3078,2.5549,2.5
11,21,45.57,7.67,254.554,29.5107,9,5582.1959,2.5549,2.5
12,0,18.9,8.94,270.3149,60.4442,3,5167.036,2.5549,2.5
12,1,20.17,8.94,268.9045,58.8889,5,5211.5196,2.5549,2.5
12,2,21.44,8.94,267.635,57.3293,5,5271.3635,2.5549,2.5
12,3,22.71,8.94,266.4875,55.7685,4,5336.7325,2.5549,2.5
12,4,23.98,8.94,265.446,54.2089,4,5376.7651,2.5549,2.5
12,5,25.25,8.94,264.497,52.653,7,5420.7613,2.5549,2.5
12,6,26.52,8.94,263.6292,51.1026,8,5465.1847,2.5549,2.5
12,7,27.79,8.94,262.8329,49.5593,10,5494.2915,2.5549,2.5
12,8,29.06,8.94,262.1,48.0247,12,5511.566,2.5549,2.5
12,9,30.33,8.94,261.4233,46.4999,16,5523.0955,2.5549,2.5
12,10,31.6,8.94,260.7968,44.9861,17,5526.2104,2.5549,2.5
12,11,32.87,8.94,260.2153,43.4843,17,5525.4715,2.5549,2.5
12,12,34.14,8.94,259.6741,41.9953,21,5523.9574,2.5549,2.5
12,13,35.41,8.94,259.1694,40.5197,20,5519.1951,2.5549,2.5
12,14,36.68,8.94,258.6976,39.0584,21,5514.0504,2.5549,2.5
12,15,37.95,8.94,258.2557,37.6118,20,5510.9908,2.5549,2.5
12,16,39.22,8.94,257.8409,36.1805,19,5508.8227,2.5549,2.5
12,17,40.49,8.94,257.4509,34.7648,17,5513.8087,2.5549,2.5
12,18,41.76,8.94,257.0835,33.3652,16,5528.4144,2.5549,2.5
12,19,43.03,8.94,256.7369,31.9819,14,5552.6275,2.5549,2.5
12,20,44.3,8.94,256.4094,30.6152,13,5579.9148,2.5549,2.5
12,21,45.57,8.94,256.0994,29.2654,12,5611.8628,2.5549,2.5
13,0,18.9,10.21,273.3784,59.67,3,5148.7802,2.5549,2.5
13,1,20.17,10.21,271.8484,58.1597,6,5199.1128,2.5549,2.5
13,2,21.44,10.21,270.4644,56.6412,6,5270.4837,2.5549,2.5
13,3,22.71,10.21,269.2078,55.1182,6,5344.1506,2.5549,2.5
13,4,23.98,10.21,268.0629,53.5936,5,5397.4247,2.5549,2.5
13,5,25.25,10.21,267.0163,52.0698,8,5444.756,2.5549,2.5
13,6,26.52,10.21,266.0563,50.5492,8,5488.1725,2.5549,2.5
13,7,27.79,10.21,265.1732,49.0336,11,5514.3211,2.5549,2.5
13,8,29.06,10.21,264.3585,47.5247,13,5532.7531,2.5549,2.5
13,9,30.33,10.21,263.6048,46.0239,16,5548.2463,2.5549,2.5
13,10,31.6,10.21,262.9057,44.5325,19,5555.6106,2.5549,2.5
13,11,32.87,10.21,262.2557,43.0516,19,5558.6653,2.5549,2.5
13,12,34.14,10.21,261.65,41.5822,22,5558.4539,2.5549,2.5
13,13,35.41,10.21,261.0842,40.1251,21,5554.8509,2.5549,2.5
13,14,36.68,10.21,260.5547,38.681,23,5551.4568,2.5549,2.5
13,15,37.95,10.21,260.0582,37.2507,22,5551.5054,2.5549,2.5
13,16,39.22,10.21,259.5917,35.8348,23,5553.965,2.5549,2.5
13,17,40.49,10.21,259.1527,34.4336,21,5558.2222,2.5549,2.5
13,18,41.76,10.21,258.7389,33.0476,17,5572.558,2.5549,2.5
13,19,43.03,10.21,258.3481,31.6773,14,5596.1016,2.5549,2.5
13,20,44.3,10.21,257.9786,30.3229,12,5625.5923,2.5549,2.5
13,21,45.57,10.21,257.6286,28.9847,10,5662.4102,2.5549,2.5
14,0,18.9,11.48,276.2748,58.8207,7,5132.7261,2.5549,2.5
14,1,20.17,11.48,274.6469,57.3574,6,5200.7456,2.5549,2.5
14,2,21.44,11.48,273.1667,55.8824,6,5273.9814,2.5549,2.5
14,3,22.71,11.48,271.8168,54.3996,6,5351.5922,2.5549,2.5
14,4,23.98,11.48,270.5819,52.9123,5,5417.8679,2.5549,2.5
14,5,25.25,11.48,269.4491,51.4231,9,5464.6487,2.5549,2.5
14,6,26.52,11.48,268.4069,49.9347,9,5505.5913,2.5549,2.5
14,7,27.79,11.48,267.4454,48.4491,10,5537.2266,2.5549,2.5
14,8,29.06,11.48,266.5562,46.9681,14,5556.6489,2.5549,2.5
14,9,30.33,11.48,265.7318,45.4934,15,5574.3393,2.5549,2.5
14,10,31.6,11.48,264.9656,44.0265,17,5584.2851,2.5549,2.5
14,11,32.87,11.48,264.252,42.5685,21,5590.7135,2.5549,2.5
14,12,34.14,11.48,263.5859,41.1206,25,5592.9181,2.5549,2.5
14,13,35.41,11.48,262.9628,39.6838,24,5593.8019,2.5549,2.5
14,14,36.68,11.48,262.3789,38.2588,25,5595.866,2.5549,2.5
14,15,37.95,11.48,261.8307,36.8465,20,5597.7942,2.5549,2.5
14,16,39.22,11.48,261.3152,35.4475,23,5601.8627,2.5549,2.5
14,17,40.49,11.48,260.8295,34.0624,24,5611.0083,2.5549,2.5
14,18,41.76,11.48,260.3711,32.6917,20,5625.1569,2.5549,2.5
14,19,43.03,11.48,259.938,31.3357,16,5647.8936,2.5549,2.5
14,20,44.3,11.48,259.5282,29.995,14,5677.6808,2.5549,2.5
14,21,45.57,11.48,259.1397,28.6697,10,5712.0088,2.5549,2.5
15,0,18.9,12.75,279.0037,57.9037,7,5134.9124,2.5549,2.5
15,1,20.17,12.75,277.2981,56.4888,6,5210.3498,2.5549,2.5
15,2,21.44,12.75,275.7392,55.0589,5,5286.8576,2.5549,2.5
15,3,22.71,12.75,274.311,53.618,6,5364.5044,2.5549,2.5
15,4,23.98,12.75,272.9993,52.1698,8,5435.7688,2.5549,2.5
15,5,25.25,12.75,271.7915,50.7172,6,5487.8647,2.5549,2.5
15,6,26.52,12.75,270.6768,49.2628,10,5523.7847,2.5549,2.5
15,7,27.79,12.75,269.6456,47.8091,13,5557.3474,2.5549,2.5
15,8,29.06,12.75,268.6893,46.358,12,5581.7372,2.5549,2.5
15,9,30.33,12.75,267.8007,44.9113,17,5597.7982,2.5549,2.5
15,10,31.6,12.75,266.9731,43.4707,17,5611.9667,2.5549,2.5
15,11,32.87,12.75,266.2009,42.0374,23,5623.0547,2.5549,2.5
15,12,34.14,12.75,265.4788,40.6128,21,5629.7675,2.5549,2.5
15,13,35.41,12.75,264.8023,39.1978,26,5634.0275,2.5549,2.5
15,14,36.68,12.75,264.1675,37.7936,23,5638.2527,2.5549,2.5
15,15,37.95,12.75,263.5707,36.4008,24,5643.8858,2.5549,2.5
15,16,39.22,12.75,263.0088,35.0203,21,5650.6751,2.5549,2.5
15,17,40.49,12.75,262.4788,33.6526,20,5661.3477,2.5549,2.5
15,18,41.76,12.75,261.9783,32.2985,20,5675.2024,2.5549,2.5
15,19,43.03,12.75,261.5048,30.9582,16,5696.179,2.5549,2.5
15,20,44.3,12.75,261.0564,29.6324,13,5724.2139,2.5549,2.5
15,21,45.57,12.75,260.6311,28.3213,10,5754.3086,2.5549,2.5
16,0,18.9,14.02,281.568,56.9262,6,5152.2887,2.5549,2.5
16,1,20.17,14.02,279.8028,55.5603,6,5225.6966,2.5549,2.5
16,2,21.44,14.02,278.1814,54.1765,6,5312.0275,2.5549,2.5
16,3,22.71,14.02,276.6891,52.7788,7,5386.524,2.5549,2.5
16,4,23.98,14.02,275.3129,51.371,8,5460.063,2.5549,2.5
16,5,25.25,14.02,274.0411,49.9563,8,5508.7392,2.5549,2.5
16,6,26.52,14.02,272.8635,48.5375,9,5544.0465,2.5549,2.5
16,7,27.79,14.02,271.7709,47.1172,12,5578.2627,2.5549,2.5
16,8,29.06,14.02,270.755,45.6976,13,5604.5757,2.5549,2.5
16,9,30.33,14.02,269.8087,44.2805,16,5621.2786,2.5549,2.5
16,10,31.6,14.02,268.9255,42.8677,17,5638.6983,2.5549,2.5
16,11,32.87,14.02,268.0996,41.4607,19,5653.5182,2.5549,2.5
16,12,34.14,14.02,267.3261,40.0608,20,5663.1493,2.5549,2.5
16,13,35.41,14.02,266.6003,38.6693,22,5671.3555,2.5549,2.5
16,14,36.68,14.02,265.9181,37.2871,21,5678.2298,2.5549,2.5
16,15,37.95,14.02,265.2759,35.9153,22,5686.1496,2.5549,2.5
16,16,39.22,14.02,264.6705,34.5546,21,5693.9814,2.5549,2.5
16,17,40.49,14.02,264.0988,33.2058,21,5706.1178,2.5549,2.5
16,18,41.76,14.02,263.5583,31.8694,22,5719.9464,2.5549,2.5
16,19,43.03,14.02,263.0466,30.5461,17,5739.1786,2.5549,2.5
16,20,44.3,14.02,262.5615,29.2364,14,5762.5673,2.5549,2.5
16,21,45.57,14.02,262.101,27.9406,10,5787.3086,2.5549,2.5
17,0,18.9,15.29,283.9727,55.8952,5,5183.106,2.5549,2.5
17,1,20.17,15.29,282.1642,54.5785,5,5259.5742,2.5549,2.5
17,2,21.44,15.29,280.4947,53.241,6,5343.0423,2.5549,2.5
17,3,22.71,15.29,278.9513,51.8871,6,5420.0645,2.5549,2.5
17,4,23.98,15.29,277.5222,50.5206,9,5487.3497,2.5549,2.5
17,5,25.25,15.29,276.1968,49.1449,10,5530.6876,2.5549,2.5
17,6,26.52,15.29,274.9654,47.7628,11,5567.4544,2.5549,2.5
17,7,27.79,15.29,273.8195,46.3772,15,5602.3812,2.5549,2.5
17,8,29.06,15.29,272.7512,44.9902,16,5626.4793,2.5549,2.5
17,9,30.33,15.29,271.7536,43.604,18,5644.2794,2.5549,2.5
17,10,31.6,15.29,270.8205,42.2203,19,5661.7295,2.5549,2.5
17,11,32.87,15.29,269.9462,40.8409,18,5678.2869,2.5549,2.5
17,12,34.14,15.29,269.1258,39.4671,21,5691.7473,2.5549,2.5
17,13,35.41,15.29,268.3546,38.1003,23,5703.4293,2.5549,2.5
17,14,36.68,15.29,267.6287,36.7415,23,5714.802,2.5549,2.5
17,15,37.95,15.29,266.9444,35.3918,22,5725.2111,2.5549,2.5
17,16,39.22,15.29,266.2984,34.0522,21,5735.0585,2.5549,2.5
17,17,40.49,15.29,265.6877,32.7233,22,5746.2452,2.5549,2.5
17,18,41.76,15.29,265.1097,31.406,19,5760.7626,2.5549,2.5
17,19,43.03,15.29,264.5618,30.1007,16,5777.5102,2.5549,2.5
17,20,44.3,15.29,264.0419,28.8082,16,5795.49,2.5549,2.5
17,21,45.57,15.29,263.548,27.5287,11,5817.5353,2.5549,2.5
18,0,18.9,16.56,286.2245,54.8171,6,5221.6883,2.5549,2.5
18,1,20.17,16.56,284.3867,53.5491,6,5297.5843,2.5549,2.5
18,2,21.44,16.56,282.6821,52.258,9,5379.0352,2.5549,2.5
18,3,22.71,16.56,281.0993,50.9481,7,5454.9439,2.5549,2.5
18,4,23.98,16.56,279.628,49.6234,9,5514.9587,2.5549,2.5
18,5,25.25,16.56,278.2585,48.2872,10,5556.7951,2.5549,2.5
18,6,26.52,16.56,276.9821,46.9427,14,5591.5768,2.5549,2.5
18,7,27.79,16.56,275.7906,45.5925,16,5622.2415,2.5549,2.5
18,8,29.06,16.56,274.6769,44.2392,16,5645.95,2.5549,2.5
18,9,30.33,16.56,273.6343,42.8849,15,5664.2398,2.5549,2.5
18,10,31.6,16.56,272.6568,41.5314,18,5682.5915,2.5549,2.5
18,11,32.87,16.56,271.7391,40.1806,21,5702.4887,2.5549,2.5
18,12,34.14,16.56,270.8762,38.834,21,5720.9879,2.5549,2.5
18,13,35.41,16.56,270.0638,37.493,22,5735.5307,2.5549,2.5
18,14,36.68,16.56,269.2979,36.1587,22,5747.9701,2.5549,2.5
18,15,37.95,16.56,268.5747,34.8323,21,5759.283,2.5549,2.5
18,16,39.22,16.56,267.8911,33.5148,18,5769.8267,2.5549,2.5
18,17,40.49,16.56,267.2441,32.207,19,5780.6248,2.5549,2.5
18,18,41.76,16.56,266.6309,30.9096,17,5792.9412,2.5549,2.5
18,19,43.03,16.56,266.0491,29.6235,15,5807.6015,2.5549,2.5
18,20,44.3,16.56,265.4965,28.3491,13,5823.9436,2.5549,2.5
18,21,45.57,16.56,264.971,27.0869,11,5842.3271,2.5549,2.5
19,0,18.9,17.83,288.3314,53.698,8,5257.943,2.5549,2.5
19,1,20.17,17.83,286.4762,52.4779,8,5337.1005,2.5549,2.5
19,2,21.44,17.83,284.7477,51.2327,8,5415.553,2.5549,2.5
19,3,22.71,17.83,283.1361,49.9667,10,5484.7496,2.5549,2.5
19,4,23.98,17.83,281.6321,48.6838,13,5540.5729,2.5549,2.5
19,5,25.25,17.83,280.2274,47.3875,13,5580.86,2.5549,2.5
19,6,26.52,17.83,278.9138,46.081,13,5611.179,2.5549,2.5
19,7,27.79,17.83,277.6841,44.7669,15,5637.8433,2.5549,2.5
19,8,29.06,17.83,276.5315,43.4479,15,5662.0893,2.5549,2.5
19,9,30.33,17.83,275.4499,42.1262,18,5681.9504,2.5549,2.5
19,10,31.6,17.83,274.4335,40.8038,19,5701.7458,2.5549,2.5
19,11,32.87,17.83,273.4772,39.4825,24,5723.2289,2.5549,2.5
19,12,34.14,17.83,272.5763,38.164,21,5742.5971,2.5549,2.5
19,13,35.41,17.83,271.7266,36.8497,23,5760.3356,2.5549,2.5
19,14,36.68,17.83,270.9242,35.5408,22,5774.3808,2.5549,2.5
19,15,37.95,17.83,270.1655,34.2387,22,5785.8015,2.5549,2.5
19,16,39.22,17.83,269.4473,32.9442,17,5796.2757,2.5549,2.5
19,17,40.49,17.83,268.7666,31.6583,18,5804.5011,2.5549,2.5
19,18,41.76,17.83,268.1207,30.3819,18,5816.9919,2.5549,2.5
19,19,43.03,17.83,267.5073,29.1157,11,5831.9821,2.5549,2.5
19,20,44.3,17.83,266.924,27.8604,11,5848.1776,2.5549,2.5
19,21,45.57,17.83,266.3687,26.6165,9,5866.6966,2.5549,2.5
20,0,18.9,19.1,290.3016,52.5434,9,5292.6197,2.5549,2.5
20,1,20.17,19.1,288.4392,51.3701,9,5369.2791,2.5549,2.5
20,2,21.44,19.1,286.6965,50.17,9,5450.0168,2.5549,2.5
20,3,22.71,19.1,285.0652,48.9475,10,5505.9712,2.5549,2.5
20,4,23.98,19.1,283.5372,47.7063,15,5557.7217,2.5549,2.5
20,5,25.25,19.1,282.1052,46.4499,16,5601.629,2.5549,2.5
20,6,26.52,19.1,280.7619,45.1814,15,5629.0117,2.5549,2.5
20,7,27.79,19.1,279.5006,43.9038,19,5653.2902,2.5549,2.5
20,8,29.06,19.1,278.3154,42.6196,19,5676.1729,2.5549,2.5
20,9,30.33,19.1,277.2002,41.3311,18,5697.015,2.5549,2.5
20,10,31.6,19.1,276.15,40.0404,19,5718.342,2.5549,2.5
20,11,32.87,19.1,275.1599,38.7493,22,5738.9645,2.5549,2.5
20,12,34.14,19.1,274.2253,37.4595,21,5759.0315,2.5549,2.5
20,13,35.41,19.1,273.3422,36.1727,23,5776.324,2.5549,2.5
20,14,36.68,19.1,272.5069,34.89,22,5792.347,2.5549,2.5
20,15,37.95,19.1,271.7158,33.6128,20,5807.8824,2.5549,2.5
20,16,39.22,19.1,270.9659,32.3422,16,5819.6919,2.5549,2.5
20,17,40.49,19.1,270.2543,31.0791,15,5829.2936,2.5549,2.5
20,18,41.76,19.1,269.5782,29.8245,15,5840.2139,2.5549,2.5
20,19,43.03,19.1,268.9353,28.579,12,5854.1444,2.5549,2.5
20,20,44.3,19.1,268.3233,27.3435,8,5867.8551,2.5549,2.5
20,21,45.57,19.1,267.7403,26.1186,8,5882.8888,2.5549,2.5
21,0,18.9,20.37,292.1438,51.3583,10,5318.7345,2.5549,2.5
21,1,20.17,20.37,290.2827,50.2306,11,5395.9593,2.5549,2.5
21,2,21.44,20.37,288.534,49.0747,12,5471.1933,2.5549,2.5
21,3,22.71,20.37,286.8909,47.8949,13,5525.668,2.5549,2.5
21,4,23.98,20.37,285.3465,46.6949,16,5573.4936,2.5549,2.5
21,5,25.25,20.37,283.8943,45.4782,16,5616.9672,2.5549,2.5
21,6,26.52,20.37,282.5279,44.2478,18,5642.7094,2.5549,2.5
21,7,27.79,20.37,281.2413,43.0068,17,5666.6682,2.5549,2.5
21,8,29.06,20.37,280.0291,41.7575,20,5689.152,2.5549,2.5
21,9,30.33,20.37,278.8858,40.5025,20,5710.4944,2.5549,2.5
21,10,31.6,20.37,277.8066,39.2439,22,5731.4004,2.5549,2.5
21,11,32.87,20.37,276.7871,37.9834,20,5751.5067,2.5549,2.5
21,12,34.14,20.37,275.8229,36.723,25,5770.2616,2.5549,2.5
21,13,35.41,20.37,274.9101,35.4642,24,5788.0314,2.5549,2.5
21,14,36.68,20.37,274.0453,34.2084,20,5805.5107,2.5549,2.5
21,15,37.95,20.37,273.2251,32.9568,20,5821.4125,2.5549,2.5
21,16,39.22,20.37,272.4464,31.7107,16,5834.8634,2.5549,2.5
21,17,40.49,20.37,271.7064,30.4711,15,5846.8218,2.5549,2.5
21,18,41.76,20.37,271.0025,29.2389,14,5858.4463,2.5549,2.5
21,19,43.03,20.37,270.3324,28.0149,10,5869.2051,2.5549,2.5
21,20,44.3,20.37,269.6939,26.7999,9,5879.5841,2.5549,2.5
21,21,45.57,20.37,269.0849,25.5946,6,5895.788,2.5549,2.5
22,0,18.9,21.64,293.8666,50.1474,10,5347.4782,2.5549,2.5
22,1,20.17,21.64,292.0136,49.0638,12,5416.0911,2.5549,2.5
22,2,21.44,21.64,290.266,47.9511,14,5488.0718,2.5549,2.5
22,3,22.71,21.64,288.6179,46.8131,13,5541.9039,2.5549,2.5
22,4,23.98,21.64,287.0637,45.6537,16,5588.0914,2.5549,2.5
22,5,25.25,21.64,285.5976,44.4761,17,5625.2149,2.5549,2.5
22,6,26.52,21.64,284.214,43.2836,17,5651.9165,2.5549,2.5
22,7,27.79,21.64,282.9078,42.0789,17,5676.952,2.5549,2.5
22,8,29.06,21.64,281.6738,40.8648,17,5699.7828,2.5549,2.5
22,9,30.33,21.64,280.5073,39.6434,19,5720.7947,2.5549,2.5
22,10,31.6,21.64,279.4037,38.417,19,5742.1161,2.5549,2.5
22,11,32.87,21.64,278.359,37.1876,20,5760.9797,2.5549,2.5
22,12,34.14,21.64,277.369,35.9569,20,5780.8777,2.5549,2.5
22,13,35.41,21.64,276.4302,34.7266,21,5799.8831,2.5549,2.5
22,14,36.68,21.64,275.5392,33.498,17,5817.2727,2.5549,2.5
22,15,37.95,21.64,274.6928,32.2727,17,5830.9447,2.5549,2.5
22,16,39.22,21.64,273.8881,31.0516,16,5844.0158,2.5549,2.5
22,17,40.49,21.64,273.1224,29.836,16,5856.6544,2.5549,2.5
22,18,41.76,21.64,272.3932,28.6268,12,5867.2,2.5549,2.5
22,19,43.03,21.64,271.698,27.4249,11,5878.3193,2.5549,2.5
22,20,44.3,21.64,271.0349,26.231,5,5887.4796,2.5549,2.5
22,21,45.57,21.64,270.4018,25.046,2,5898.7209,2.5549,2.5
23,0,18.9,22.91,295.4785,48.9149,8,5369.7117,2.5549,2.5
23,1,20.17,22.91,293.6393,47.874,12,5435.8226,2.5549,2.5
23,2,21.44,22.91,291.8984,46.803,12,5503.3473,2.5549,2.5
23,3,22.71,22.91,290.2512,45.7059,11,5553.0829,2.5549,2.5
23,4,23.98,22.91,288.6928,44.5862,15,5595.0281,2.5549,2.5
23,5,25.25,22.91,287.2183,43.4472,14,5629.6997,2.5549,2.5
23,6,26.52,22.91,285.823,42.2921,16,5656.8234,2.5549,2.5
23,7,27.79,22.91,284.5021,41.1236,18,5682.8708,2.5549,2.5
23,8,29.06,22.91,283.2511,39.9443,17,5706.5722,2.5549,2.5
23,9,30.33,22.91,282.0659,38.7566,17,5727.6665,2.5549,2.5
23,10,31.6,22.91,280.9421,37.5626,17,5748.8067,2.5549,2.5
23,11,32.87,22.91,279.876,36.3643,18,5769.0682,2.5549,2.5
23,12,34.14,22.91,278.864,35.1635,16,5790.1161,2.5549,2.5
23,13,35.41,22.91,277.9026,33.962,18,5809.3068,2.5549,2.5
23,14,36.68,22.91,276.9885,32.7611,15,5826.6425,2.5549,2.5
23,15,37.95,22.91,276.1189,31.5623,15,5840.0591,2.5549,2.5
23,16,39.22,22.91,275.2909,30.3667,16,5852.0248,2.5549,2.5
23,17,40.49,22.91,274.502,29.1756,15,5862.4268,2.5549,2.5
23,18,41.76,22.91,273.7497,27.9898,13,5870.189,2.5549,2.5
23,19,43.03,22.91,273.0317,26.8105,12,5876.226,2.5549,2.5
23,20,44.3,22.91,272.346,25.6383,6,5881.5647,2.5549,2.5
23,21,45.57,22.91,271.6906,24.474,4,5887.7159,2.5549,2.5
24,0,18.9,24.18,296.9875,47.6646,8,5392.1106,2.5549,2.5
24,1,20.17,24.18,295.1665,46.6647,10,5452.2005,2.5549,2.5
24,2,21.44,24.18,293.4371,45.6342,11,5511.7394,2.5549,2.5
24,3,22.71,24.18,291.7956,44.5768,12,5558.9657,2.5549,2.5
24,4,23.98,24.18,290.2379,43.4959,13,5599.2061,2.5549,2.5
24,5,25.25,24.18,288.7599,42.3948,13,5633.2322,2.5549,2.5
24,6,26.52,24.18,287.3575,41.2765,15,5660.7841,2.5549,2.5
24,7,27.79,24.18,286.0264,40.1437,16,5686.701,2.5549,2.5
24,8,29.06,24.18,284.7629,38.999,17,5711.8439,2.5549,2.5
24,9,30.33,24.18,283.5629,37.8447,16,5732.5238,2.5549,2.5
24,10,31.6,24.18,282.4229,36.683,18,5754.1286,2.5549,2.5
24,11,32.87,24.18,281.3391,35.5159,17,5776.2871,2.5549,2.5
24,12,34.14,24.18,280.3084,34.3452,15,5798.5146,2.5549,2.5
24,13,35.41,24.18,279.3275,33.1726,16,5817.6433,2.5549,2.5
24,14,36.68,24.18,278.3935,31.9996,13,5833.0229,2.5549,2.5
24,15,37.95,24.18,277.5034,30.8276,17,5846.9739,2.5549,2.5
24,16,39.22,24.18,276.6548,29.6578,15,5858.9882,2.5549,2.5
24,17,40.49,24.18,275.845,28.4915,13,5868.6178,2.5549,2.5
24,18,41.76,24.18,275.0718,27.3297,12,5875.4833,2.5549,2.5
24,19,43.03,24.18,274.3331,26.1732,9,5881.5726,2.5549,2.5
24,20,44.3,24.18,273.6268,25.0231,8,5887.7248,2.5549,2.5
24,21,45.57,24.18,272.951,23.88,4,5885.6199,2.5549,2.5
25,0,18.9,25.45,298.4012,46.3999,8,5412.713,2.5549,2.5
25,1,20.17,25.45,296.602,45.4394,9,5468.8957,2.5549,2.5
25,2,21.44,25.45,294.888,44.448,11,5517.4198,2.5549,2.5
25,3,22.71,25.45,293.2563,43.4291,11,5563.2045,2.5549,2.5
25,4,23.98,25.45,291.7034,42.386,11,5603.386,2.5549,2.5
25,5,25.25,25.45,290.226,41.322,12,5635.324,2.5549,2.5
25,6,26.52,25.45,288.8205,40.2398,15,5662.9079,2.5549,2.5
25,7,27.79,25.45,287.4834,39.1422,15,5687.5775,2.5549,2.5
25,8,29.06,25.45,286.211,38.0316,14,5713.1887,2.5549,2.5
25,9,30.33,25.45,285.0001,36.9105,14,5736.0249,2.5549,2.5
25,10,31.6,25.45,283.8473,35.7809,13,5759.7416,2.5549,2.5
25,11,32.87,25.45,282.7493,34.6449,14,5782.6692,2.5549,2.5
25,12,34.14,25.45,281.7031,33.5042,14,5806.2367,2.5549,2.5
25,13,35.41,25.45,280.7057,32.3606,15,5825.5812,2.5549,2.5
25,14,36.68,25.45,279.7544,31.2156,13,5842.0946,2.5549,2.5
25,15,37.95,25.45,278.8466,30.0706,13,5854.6434,2.5549,2.5
25,16,39.22,25.45,277.9797,28.9268,12,5866.341,2.5549,2.5
25,17,40.49,25.45,277.1514,27.7856,12,5875.4363,2.5549,2.5
25,18,41.76,25.45,276.3596,26.6479,10,5883.0823,2.5549,2.5
25,19,43.03,25.45,275.6021,25.5147,9,5889.7901,2.5549,2.5
25,20,44.3,25.45,274.877,24.3869,7,5894.2036,2.5549,2.5
25,21,45.57,25.45,274.1825,23.2653,5,5896.4198,2.5549,2.5
26,0,18.9,26.72,299.7269,45.1239,6,5432.8064,2.5549,2.5
26,1,20.17,26.72,297.9521,44.2012,8,5475.9424,2.5549,2.5
26,2,21.44,26.72,296.2566,43.2475,9,5522.4697,2.5549,2.5
26,3,22.71,26.72,294.638,42.2658,9,5568.3137,2.5549,2.5
26,4,23.98,26.72,293.0934,41.2595,9,5603.3151,2.5549,2.5
26,5,25.25,26.72,291.6202,40.2316,10,5632.9017,2.5549,2.5
26,6,26.52,26.72,290.2152,39.1847,9,5662.4736,2.5549,2.5
26,7,27.79,26.72,288.8755,38.1216,14,5686.8828,2.5549,2.5
26,8,29.06,26.72,287.5978,37.0447,12,5713.172,2.5549,2.5
26,9,30.33,26.72,286.3793,35.9564,12,5738.0902,2.5549,2.5
26,10,31.6,26.72,285.2168,34.8586,9,5764.4199,2.5549,2.5
26,11,32.87,26.72,284.1076,33.7535,9,5788.4744,2.5549,2.5
26,12,34.14,26.72,283.0489,32.6427,12,5810.7082,2.5549,2.5
26,13,35.41,26.72,282.0378,31.528,13,5833.5565,2.5549,2.5
26,14,36.68,26.72,281.0719,30.411,14,5849.4285,2.5549,2.5
26,15,37.95,26.72,280.1488,29.293,13,5862.9333,2.5549,2.5
26,16,39.22,26.72,279.266,28.1754,11,5874.8177,2.5549,2.5
26,17,40.49,26.72,278.4215,27.0594,10,5883.0982,2.5549,2.5
26,18,41.76,26.72,277.613,25.946,8,5890.1127,2.5549,2.5
26,19,43.03,26.72,276.8387,24.8363,8,5895.4347,2.5549,2.5
26,20,44.3,26.72,276.0967,23.7312,6,5899.3835,2.5549,2.5
26,21,45.57,26.72,275.3853,22.6315,5,5903.16,2.5549,2.5
27,0,18.9,27.99,300.9712,43.8394,4,5443.2972,2.5549,2.5
27,1,20.17,27.99,299.2229,42.953,6,5484.8115,2.5549,2.5
27,2,21.44,27.99,297.5483,42.0354,7,5527.1392,2.5549,2.5
27,3,22.71,27.99,295.9455,41.0898,7,5564.9718,2.5549,2.5
27,4,23.98,27.99,294.4122,40.1191,7,5597.1513,2.5549,2.5
27,5,25.25,27.99,292.9461,39.1263,9,5628.3625,2.5549,2.5
27,6,26.52,27.99,291.5448,38.1139,9,5656.9465,2.5549,2.5
27,7,27.79,27.99,290.2054,37.0846,10,5681.5473,2.5549,2.5
27,8,29.06,27.99,288.9255,36.0408,9,5708.1344,2.5549,2.5
27,9,30.33,27.99,287.7023,34.9847,9,5736.8643,2.5549,2.5
27,10,31.6,27.99,286.5332,33.9184,7,5766.9391,2.5549,2.5
27,11,32.87,27.99,285.4156,32.8438,8,5792.5351,2.5549,2.5
27,12,34.14,27.99,284.3469,31.7628,7,5815.4507,2.5549,2.5
27,13,35.41,27.99,283.3248,30.6769,10,5838.278,2.5549,2.5
27,14,36.68,27.99,282.3468,29.5878,12,5857.3717,2.5549,2.5
27,15,37.95,27.99,281.4106,28.4968,10,5871.1069,2.5549,2.5
27,16,39.22,27.99,280.5142,27.4054,9,5881.7727,2.5549,2.5
27,17,40.49,27.99,279.6554,26.3147,9,5889.7731,2.5549,2.5
27,18,41.76,27.99,278.8323,25.2257,8,5895.821,2.5549,2.5
27,19,43.03,27.99,278.0431,24.1396,8,5900.4652,2.5549,2.5
27,20,44.3,27.99,277.2859,23.0573,5,5904.115,2.5549,2.5
27,21,45.57,27.99,276.5591,21.9796,5,5906.0997,2.5549,2.5