i-index (unitless),j-index (unitless),X-value (cm),Y-value (cm),Longitude (deg),Latitude (deg),First Pass (m),Second Pass (m),Pass_2_minus_Pass_1 (m) joe (m)
0,0,18.9,-6.3,226.5651,61.7802,5299.4783,5280.9502,-18.5281
0,1,20.17,-6.3,227.6541,60.1426,5316.0723,5311.6987,-4.3736
0,2,21.44,-6.3,228.6249,58.5082,5332.2152,5336.0681,3.8529
0,3,22.71,-6.3,229.4954,56.8793,5350.2015,5362.7818,12.5803
0,4,23.98,-6.3,230.28,55.2575,5370.841,5389.5551,18.7141
0,5,25.25,-6.3,230.9905,53.6445,5391.5826,5417.2175,25.6349
0,6,26.52,-6.3,231.6367,52.0415,5408.0662,5438.7232,30.657
0,7,27.79,-6.3,232.2269,50.4498,5422.3119,5454.5494,32.2375
0,8,29.06,-6.3,232.768,48.8702,5436.4325,5467.0134,30.5809
0,9,30.33,-6.3,233.2657,47.3038,5448.6978,5479.4954,30.7976
0,10,31.6,-6.3,233.7249,45.7513,5459.0159,5490.4623,31.4464
0,11,32.87,-6.3,234.15,44.2134,5467.0273,5499.0925,32.0652
0,12,34.14,-6.3,234.5446,42.6906,5477.379,5513.4881,36.1091
0,13,35.41,-6.3,234.9117,41.1834,5490.5572,5532.1398,41.5826
0,14,36.68,-6.3,235.2542,39.6925,5502.3451,5551.9753,49.6302
0,15,37.95,-6.3,235.5744,38.2181,5515.0727,5572.2182,57.1455
0,16,39.22,-6.3,235.8744,36.7605,5529.0698,5595.3817,66.312
0,17,40.49,-6.3,236.156,35.3202,5542.9272,5619.5231,76.5959
0,18,41.76,-6.3,236.4209,33.8972,5558.7384,5649.0543,90.3159
0,19,43.03,-6.3,236.6705,32.492,5575.1445,5670.6219,95.4774
0,20,44.3,-6.3,236.9061,31.1045,5587.7003,5685.1505,97.4502
0,21,45.57,-6.3,237.1288,29.7349,5599.7904,5698.2663,98.4759
1,0,18.9,-5.03,230.0969,62.2764,5302.2946,5277.8965,-24.3981
1,1,20.17,-5.03,230.9972,60.6065,5317.499,5305.4568,-12.0422
1,2,21.44,-5.03,231.7967,58.9431,5333.885,5330.215,-3.6701
1,3,22.71,-5.03,232.5113,57.2879,5351.1083,5356.6905,5.5822
1,4,23.98,-5.03,233.1535,55.6423,5370.2595,5382.2658,12.0062
1,5,25.25,-5.03,233.7337,54.0076,5387.444,5405.0856,17.6417
1,6,26.52,-5.03,234.2604,52.3848,5403.0214,5424.1714,21.1499
1,7,27.79,-5.03,234.7405,50.7748,5417.278,5440.3758,23.0978
1,8,29.06,-5.03,235.18,49.1785,5432.1468,5455.7597,23.6129
1,9,30.33,-5.03,235.5836,47.5965,5442.9285,5464.5374,21.6089
1,10,31.6,-5.03,235.9557,46.0296,5452.2061,5473.0776,20.8715
1,11,32.87,-5.03,236.2997,44.4782,5459.8985,5480.8977,20.9992
1,12,34.14,-5.03,236.6187,42.9429,5471.168,5494.0603,22.8923
1,13,35.41,-5.03,236.9152,41.4242,5483.0927,5511.2995,28.2068
1,14,36.68,-5.03,237.1916,39.9223,5494.1492,5526.6968,32.5476
1,15,37.95,-5.03,237.4499,38.4376,5506.8085,5548.3742,41.5656
1,16,39.22,-5.03,237.6917,36.9705,5520.6214,5576.6822,56.0609
1,17,40.49,-5.03,237.9185,35.5211,5534.627,5599.3482,64.7211
1,18,41.76,-5.03,238.1318,34.0896,5548.4598,5623.1352,74.6755
1,19,43.03,-5.03,238.3327,32.6763,5564.2341,5651.2587,87.0246
1,20,44.3,-5.03,238.5221,31.2812,5577.3941,5674.0304,96.6363
1,21,45.57,-5.03,238.7012,29.9045,5587.8353,5686.7375,98.9022
2,0,18.9,-3.76,233.7484,62.6686,5300.2087,5265.4642,-34.7445
2,1,20.17,-3.76,234.4404,60.9724,5314.4631,5291.5179,-22.9452
2,2,21.44,-3.76,235.053,59.2855,5331.2978,5315.9311,-15.3667
2,3,22.71,-3.76,235.5991,57.6092,5349.2522,5341.6372,-7.6151
2,4,23.98,-3.76,236.0887,55.9446,5366.7752,5367.0332,0.258
2,5,25.25,-3.76,236.5303,54.2926,5383.496,5391.4225,7.9265
2,6,26.52,-3.76,236.9304,52.6539,5398.8457,5409.1112,10.2655
2,7,27.79,-3.76,237.2946,51.0295,5413.0281,5425.5107,12.4826
2,8,29.06,-3.76,237.6276,49.4198,5426.5005,5438.3778,11.8773
2,9,30.33,-3.76,237.9331,47.8255,5437.8977,5448.7684,10.8707
2,10,31.6,-3.76,238.2144,46.2472,5446.4271,5456.2157,9.7885
2,11,32.87,-3.76,238.4743,44.6853,5453.668,5461.1544,7.4864
2,12,34.14,-3.76,238.7151,43.1402,5464.5641,5473.0309,8.4667
2,13,35.41,-3.76,238.9388,41.6122,5476.2853,5487.6281,11.3428
2,14,36.68,-3.76,239.1472,40.1017,5487.2842,5501.6982,14.414
2,15,37.95,-3.76,239.3417,38.609,5499.7639,5524.8811,25.1172
2,16,39.22,-3.76,239.5238,37.1343,5512.8806,5553.5844,40.7038
2,17,40.49,-3.76,239.6946,35.6778,5526.6308,5580.2484,53.6175
2,18,41.76,-3.76,239.8551,34.2397,5539.0745,5604.0172,64.9427
2,19,43.03,-3.76,240.0061,32.82,5553.6471,5630.9098,77.2628
2,20,44.3,-3.76,240.1486,31.419,5568.5441,5655.13,86.5859
2,21,45.57,-3.76,240.2832,30.0367,5580.4781,5679.3213,98.8433
3,0,18.9,-2.49,237.4947,62.9514,5292.4009,5248.143,-44.2579
3,1,20.17,-2.49,237.9624,61.2359,5306.7656,5271.8683,-34.8973
3,2,21.44,-2.49,238.3755,59.5318,5325.247,5297.4634,-27.7836
3,3,22.71,-2.49,238.7429,57.8401,5344.757,5323.5157,-21.2413
3,4,23.98,-2.49,239.0718,56.1616,5363.7393,5350.3818,-13.3576
3,5,25.25,-2.49,239.3681,54.4969,5379.486,5373.6377,-5.8483
3,6,26.52,-2.49,239.6361,52.8468,5394.6802,5393.9519,-0.7284
3,7,27.79,-2.49,239.8799,51.2119,5408.8382,5409.2287,0.3905
3,8,29.06,-2.49,240.1026,49.5926,5420.7748,5418.8169,-1.9579
3,9,30.33,-2.49,240.3067,47.9894,5432.874,5430.4166,-2.4574
3,10,31.6,-2.49,240.4945,46.4029,5441.9346,5436.8266,-5.108
3,11,32.87,-2.49,240.6679,44.8333,5448.8568,5439.9702,-8.8866
3,12,34.14,-2.49,240.8285,43.2811,5458.797,5451.9644,-6.8326
3,13,35.41,-2.49,240.9776,41.7466,5469.4161,5464.4685,-4.9477
3,14,36.68,-2.49,241.1165,40.2299,5480.68,5478.958,-1.722
3,15,37.95,-2.49,241.2461,38.7314,5492.1072,5500.8688,8.7615
3,16,39.22,-2.49,241.3673,37.2513,5504.5084,5526.6012,22.0929
3,17,40.49,-2.49,241.4809,35.7897,5517.805,5555.6307,37.8257
3,18,41.76,-2.49,241.5877,34.3468,5530.2828,5582.6757,52.3929
3,19,43.03,-2.49,241.6882,32.9226,5542.737,5605.3632,62.6262
3,20,44.3,-2.49,241.7829,31.5173,5556.4893,5629.429,72.9396
3,21,45.57,-2.49,241.8724,30.1309,5570.412,5657.1115,86.6995
4,0,18.9,-1.22,241.3067,63.1209,5282.6453,5231.5897,-51.0556
4,1,20.17,-1.22,241.5386,61.3936,5297.9543,5253.2395,-44.7148
4,2,21.44,-1.22,241.7432,59.6792,5316.0768,5275.6581,-40.4187
4,3,22.71,-1.22,241.925,57.9781,5337.3529,5303.7797,-33.5732
4,4,23.98,-1.22,242.0875,56.2912,5359.4961,5332.7664,-26.7297
4,5,25.25,-1.22,242.2338,54.619,5375.3997,5355.2607,-20.139
4,6,26.52,-1.22,242.3661,52.962,5391.7931,5376.6507,-15.1424
4,7,27.79,-1.22,242.4863,51.3207,5406.7482,5394.5648,-12.1835
4,8,29.06,-1.22,242.596,49.6956,5418.3198,5403.4183,-14.9016
4,9,30.33,-1.22,242.6966,48.0871,5430.0828,5413.4643,-16.6185
4,10,31.6,-1.22,242.789,46.4957,5439.8072,5419.2453,-20.5619
4,11,32.87,-1.22,242.8744,44.9215,5445.6398,5423.1843,-22.4555
4,12,34.14,-1.22,242.9534,43.3651,5454.1974,5432.3533,-21.8442
4,13,35.41,-1.22,243.0267,41.8266,5464.3971,5443.8606,-20.5365
4,14,36.68,-1.22,243.095,40.3062,5474.5879,5456.2938,-18.2941
4,15,37.95,-1.22,243.1587,38.8043,5485.1797,5477.5258,-7.6539
4,16,39.22,-1.22,243.2183,37.3209,5496.8058,5502.7971,5.9913
4,17,40.49,-1.22,243.2741,35.8563,5509.3912,5533.5145,24.1234
4,18,41.76,-1.22,243.3266,34.4105,5521.4227,5561.4067,39.984
4,19,43.03,-1.22,243.376,32.9837,5534.4113,5585.4831,51.0718
4,20,44.3,-1.22,243.4225,31.5758,5546.6309,5606.0621,59.4312
4,21,45.57,-1.22,243.4664,30.187,5558.9017,5628.833,69.9313
5,0,18.9,0.05,245.1516,63.1746,5270.752,5212.6864,-58.0655
5,1,20.17,0.05,245.142,61.4436,5287.7596,5236.0763,-51.6833
5,2,21.44,0.05,245.1336,59.7258,5307.1841,5261.8534,-45.3307
5,3,22.71,0.05,245.1261,58.0218,5329.6489,5290.0186,-39.6302
5,4,23.98,0.05,245.1195,56.3322,5351.3467,5316.8646,-34.4821
5,5,25.25,0.05,245.1135,54.6576,5371.7222,5341.1795,-30.5427
5,6,26.52,0.05,245.108,52.9984,5391.6697,5365.8044,-25.8653
5,7,27.79,0.05,245.1031,51.3551,5407.144,5384.0997,-23.0443
5,8,29.06,0.05,245.0986,49.7282,5419.1872,5393.2914,-25.8959
5,9,30.33,0.05,245.0945,48.118,5430.3131,5400.9559,-29.3572
5,10,31.6,0.05,245.0907,46.525,5440.0933,5409.0285,-31.0647
5,11,32.87,0.05,245.0872,44.9494,5445.1407,5412.8117,-32.329
5,12,34.14,0.05,245.0839,43.3916,5452.2916,5417.8908,-34.4008
5,13,35.41,0.05,245.0809,41.8519,5461.3317,5428.115,-33.2167
5,14,36.68,0.05,245.0781,40.3304,5470.4962,5438.9515,-31.5447
5,15,37.95,0.05,245.0755,38.8273,5479.7295,5456.7864,-22.9431
5,16,39.22,0.05,245.073,37.3429,5490.0464,5483.129,-6.9173
5,17,40.49,0.05,245.0708,35.8773,5501.5329,5511.9117,10.3788
5,18,41.76,0.05,245.0686,34.4306,5512.819,5539.6371,26.8181
5,19,43.03,0.05,245.0666,33.0029,5525.0357,5566.7346,41.6988
5,20,44.3,0.05,245.0647,31.5943,5538.4842,5587.8539,49.3697
5,21,45.57,0.05,245.0629,30.2048,5550.7204,5608.4587,57.7383
6,0,18.9,1.32,248.9951,63.1117,5258.2649,5190.0698,-68.1951
6,1,20.17,1.32,248.7443,61.3851,5277.6109,5217.314,-60.2968
6,2,21.44,1.32,248.5231,59.6712,5298.5764,5247.4314,-51.145
6,3,22.71,1.32,248.3265,57.9707,5321.9796,5278.0288,-43.9508
6,4,23.98,1.32,248.1507,56.2842,5345.1169,5306.6469,-38.47
6,5,25.25,1.32,247.9925,54.6124,5371.3881,5338.4985,-32.8896
6,6,26.52,1.32,247.8495,52.9557,5393.3487,5364.2327,-29.1161
6,7,27.79,1.32,247.7195,51.3148,5409.5756,5382.0275,-27.5481
6,8,29.06,1.32,247.6008,49.69,5423.6277,5393.0,-30.6276
6,9,30.33,1.32,247.492,48.0819,5433.2795,5399.6432,-33.6362
6,10,31.6,1.32,247.392,46.4907,5441.627,5405.619,-36.008
6,11,32.87,1.32,247.2997,44.9168,5446.0613,5408.0638,-37.9975
6,12,34.14,1.32,247.2142,43.3606,5452.5076,5412.5142,-39.9934
6,13,35.41,1.32,247.1349,41.8223,5460.5098,5418.4654,-42.0444
6,14,36.68,1.32,247.061,40.3021,5468.205,5426.056,-42.149
6,15,37.95,1.32,246.9921,38.8004,5476.1236,5439.1269,-36.9966
6,16,39.22,1.32,246.9276,37.3172,5485.3654,5464.8765,-20.4889
6,17,40.49,1.32,246.8672,35.8527,5495.5494,5491.9167,-3.6327
6,18,41.76,1.32,246.8105,34.4071,5505.3107,5516.9764,11.6657
6,19,43.03,1.32,246.7571,32.9804,5516.2475,5542.5448,26.2973
6,20,44.3,1.32,246.7067,31.5727,5530.7689,5565.7239,34.955
6,21,45.57,1.32,246.6592,30.184,5547.0973,5591.3741,44.2768
7,0,18.9,2.59,252.803,62.9332,5249.0662,5172.1984,-76.8678
7,1,20.17,2.59,252.3172,61.2189,5270.4308,5203.0854,-67.3454
7,2,21.44,2.59,251.8881,59.516,5292.9654,5237.4859,-55.4795
7,3,22.71,2.59,251.5063,57.8253,5318.9505,5271.5023,-47.4482
7,4,23.98,2.59,251.1644,56.1477,5348.0499,5305.7989,-42.2511
7,5,25.25,2.59,250.8566,54.4838,5377.4579,5342.7228,-34.7351
7,6,26.52,2.59,250.5779,52.8345,5399.076,5368.8857,-30.1903
7,7,27.79,2.59,250.3245,51.2002,5416.7369,5389.7202,-27.0167
7,8,29.06,2.59,250.0931,49.5815,5431.0631,5404.8649,-26.1982
7,9,30.33,2.59,249.8809,47.9789,5440.6144,5413.678,-26.9364
7,10,31.6,2.59,249.6856,46.3929,5446.7328,5416.3784,-30.3544
7,11,32.87,2.59,249.5053,44.8238,5450.3646,5414.57,-35.7946
7,12,34.14,2.59,249.3384,43.2721,5454.7134,5414.8193,-39.8941
7,13,35.41,2.59,249.1833,41.7379,5461.7783,5419.4177,-42.3607
7,14,36.68,2.59,249.039,40.2217,5468.5089,5423.696,-44.8129
7,15,37.95,2.59,248.9043,38.7236,5474.8903,5432.4014,-42.4889
7,16,39.22,2.59,248.7782,37.2438,5482.7508,5451.2472,-31.5037
7,17,40.49,2.59,248.66,35.7825,5492.7665,5476.8295,-15.937
7,18,41.76,2.59,248.549,34.3399,5502.6217,5502.4829,-0.1388
7,19,43.03,2.59,248.4445,32.9161,5513.8912,5525.8374,11.9462
7,20,44.3,2.59,248.346,31.511,5529.8871,5550.3431,20.456
7,21,45.57,2.59,248.2529,30.1249,5547.6889,5576.6673,28.9785
8,0,18.9,3.86,256.5429,62.6416,5243.1245,5166.9132,-76.2113
8,1,20.17,3.86,255.8339,60.9472,5269.3564,5202.019,-67.3374
8,2,21.44,3.86,255.206,59.262,5297.3526,5239.3689,-57.9837
8,3,22.71,3.86,254.6463,57.5872,5326.6112,5277.3073,-49.3039
8,4,23.98,3.86,254.1443,55.9239,5358.4932,5316.0432,-42.45
8,5,25.25,3.86,253.6916,54.273,5386.4591,5351.4606,-34.9985
8,6,26.52,3.86,253.2813,52.6355,5409.5605,5382.2694,-27.2911
8,7,27.79,3.86,252.9077,51.012,5428.3062,5404.7557,-23.5505
8,8,29.06,3.86,252.5662,49.4033,5441.5154,5420.8844,-20.631
8,9,30.33,3.86,252.2529,47.8099,5451.2225,5431.2593,-19.9631
8,10,31.6,3.86,251.9643,46.2323,5457.3458,5432.4933,-24.8526
8,11,32.87,3.86,251.6977,44.6711,5460.2726,5429.3484,-30.9242
8,12,34.14,3.86,251.4507,43.1267,5463.8451,5427.4473,-36.3979
8,13,35.41,3.86,251.2212,41.5993,5469.3799,5427.6491,-41.7307
8,14,36.68,3.86,251.0074,40.0894,5474.5236,5428.9504,-45.5732
8,15,37.95,3.86,250.8077,38.5973,5479.808,5433.2029,-46.6052
8,16,39.22,3.86,250.6209,37.1231,5487.6793,5446.62,-41.0593
8,17,40.49,3.86,250.4457,35.6671,5495.9559,5465.9762,-29.9796
8,18,41.76,3.86,250.281,34.2294,5505.0081,5489.5897,-15.4184
8,19,43.03,3.86,250.126,32.8102,5516.9345,5514.3319,-2.6026
8,20,44.3,3.86,249.9798,31.4096,5531.132,5537.358,6.226
8,21,45.57,3.86,249.8417,30.0276,5550.2351,5565.2811,15.0461
9,0,18.9,5.13,260.1858,62.241,5242.547,5168.7801,-73.7668
9,1,20.17,5.13,259.2699,60.5734,5269.7089,5205.3245,-64.3844
9,2,21.44,5.13,258.4563,58.9121,5301.8543,5244.0187,-57.8356
9,3,22.71,5.13,257.729,57.2588,5336.4359,5286.5734,-49.8625
9,4,23.98,5.13,257.0752,55.615,5373.0143,5330.576,-42.4383
9,5,25.25,5.13,256.4844,53.9818,5400.5832,5366.9845,-33.5987
9,6,26.52,5.13,255.948,52.3604,5424.1787,5399.9184,-24.2603
9,7,27.79,5.13,255.459,50.7517,5443.0656,5424.6209,-18.4447
9,8,29.06,5.13,255.0114,49.1566,5455.5341,5439.9144,-15.6197
9,9,30.33,5.13,254.6001,47.5758,5466.5606,5452.1814,-14.3791
9,10,31.6,5.13,254.2211,46.0099,5470.5831,5451.0928,-19.4903
9,11,32.87,5.13,253.8706,44.4595,5473.6364,5447.5207,-26.1157
9,12,34.14,5.13,253.5455,42.9251,5476.975,5444.6797,-32.2953
9,13,35.41,5.13,253.2433,41.4071,5480.2773,5440.704,-39.5734
9,14,36.68,5.13,252.9616,39.906,5483.8207,5436.3323,-47.4884
9,15,37.95,5.13,252.6985,38.4221,5490.066,5438.6462,-51.4199
9,16,39.22,5.13,252.452,36.9556,5497.0156,5447.5031,-49.5125
9,17,40.49,5.13,252.2208,35.5069,5503.7088,5460.7325,-42.9763
9,18,41.76,5.13,252.0034,34.076,5511.6308,5479.2127,-32.4181
9,19,43.03,5.13,251.7987,32.6633,5525.4021,5504.5815,-20.8206
9,20,44.3,5.13,251.6055,31.2687,5541.9454,5532.609,-9.3364
9,21,45.57,5.13,251.423,29.8925,5561.02,5560.7672,-0.2528
10,0,18.9,6.4,263.7074,61.7369,5241.8955,5171.3005,-70.595
10,1,20.17,6.4,262.6044,60.1021,5275.4473,5213.1407,-62.3066
10,2,21.44,6.4,261.6208,58.4702,5309.2417,5253.4985,-55.7432
10,3,22.71,6.4,260.7386,56.8435,5348.4315,5300.1456,-48.286
10,4,23.98,6.4,259.9433,55.2238,5386.5573,5344.8865,-41.6708
10,5,25.25,6.4,259.223,53.6126,5417.1142,5385.0111,-32.1031
10,6,26.52,6.4,258.5676,52.0114,5442.5212,5420.085,-22.4362
10,7,27.79,6.4,257.969,50.4212,5461.5138,5445.8345,-15.6792
10,8,29.06,6.4,257.4202,48.8432,5475.2308,5463.4758,-11.7549
10,9,30.33,6.4,256.9153,47.2781,5484.2531,5472.6402,-11.613
10,10,31.6,6.4,256.4493,45.7269,5489.5573,5473.624,-15.9333
10,11,32.87,6.4,256.018,44.1901,5492.4935,5470.1676,-22.3259
10,12,34.14,6.4,255.6176,42.6684,5494.5817,5465.8445,-28.7372
10,13,35.41,6.4,255.245,41.1623,5497.0335,5459.0406,-37.993
10,14,36.68,6.4,254.8974,39.6723,5500.358,5452.0491,-48.3089
10,15,37.95,6.4,254.5725,38.1987,5506.3314,5450.6025,-55.7289
10,16,39.22,6.4,254.268,36.7421,5512.4372,5454.2004,-58.2368
10,17,40.49,6.4,253.9821,35.3025,5521.0538,5465.8166,-55.2372
10,18,41.76,6.4,253.7132,33.8803,5529.4585,5483.5066,-45.9519
10,19,43.03,6.4,253.4598,32.4757,5543.4258,5509.6774,-33.7484
10,20,44.3,6.4,253.2206,31.0889,5559.8031,5536.4636,-23.3394
10,21,45.57,6.4,252.9945,29.72,5579.6787,5569.4045,-10.2742
11,0,18.9,7.67,267.0883,61.1356,5250.601,5175.625,-74.976
11,1,20.17,7.67,265.8202,59.5386,5281.9321,5219.5892,-62.3429
11,2,21.44,7.67,264.6843,57.9409,5320.2387,5268.3512,-51.8875
11,3,22.71,7.67,263.6617,56.3452,5362.5884,5318.1665,-44.4218
11,4,23.98,7.67,262.7369,54.7538,5400.6556,5361.3113,-39.3444
11,5,25.25,7.67,261.8968,53.1686,5432.6791,5401.4016,-31.2775
11,6,26.52,7.67,261.1307,51.5911,5461.0977,5440.0559,-21.0418
11,7,27.79,7.67,260.4294,50.0229,5482.6595,5469.4451,-13.2145
11,8,29.06,7.67,259.7853,48.4651,5496.6651,5487.7145,-8.9506
11,9,30.33,7.67,259.1917,46.9188,5505.0885,5497.1885,-7.9
11,10,31.6,7.67,258.6431,45.385,5510.092,5497.8524,-12.2395
11,11,32.87,7.67,258.1346,43.8644,5513.3675,5495.7608,-17.6067
11,12,34.14,7.67,257.662,42.3579,5517.3817,5493.2282,-24.1535
11,13,35.41,7.67,257.2218,40.866,5521.4473,5487.4034,-34.0439
11,14,36.68,7.67,256.8107,39.3893,5526.0385,5482.1258,-43.9127
11,15,37.95,7.67,256.426,37.9283,5530.0433,5475.9359,-54.1074
11,16,39.22,7.67,256.0653,36.4833,5537.6049,5473.4936,-64.1112
11,17,40.49,7.67,255.7264,35.0548,5546.2203,5484.6089,-61.6114
11,18,41.76,7.67,255.4074,33.6431,5556.9033,5502.884,-54.0193
11,19,43.03,7.67,255.1067,32.2483,5570.4305,5526.3043,-44.1261
11,20,44.3,7.67,254.8227,30.8708,5584.3211,5550.3078,-34.0133
11,21,45.57,7.67,254.554,29.5107,5602.3749,5582.1959,-20.1791
12,0,18.9,8.94,270.3149,60.4442,5260.3675,5167.036,-93.3315
12,1,20.17,8.94,268.9045,58.8889,5288.262,5211.5196,-76.7425
12,2,21.44,8.94,267.635,57.3293,5329.2416,5271.3635,-57.8781
12,3,22.71,8.94,266.4875,55.7685,5377.4894,5336.7325,-40.757
12,4,23.98,8.94,265.446,54.2089,5414.4448,5376.7651,-37.6798
12,5,25.25,8.94,264.497,52.653,5451.1448,5420.7613,-30.3835
12,6,26.52,8.94,263.6292,51.1026,5484.7492,5465.1847,-19.5646
12,7,27.79,8.94,262.8329,49.5593,5506.405,5494.2915,-12.1135
12,8,29.06,8.94,262.1,48.0247,5518.7523,5511.566,-7.1863
12,9,30.33,8.94,261.4233,46.4999,5527.5928,5523.0955,-4.4973
12,10,31.6,8.94,260.7968,44.9861,5533.5444,5526.2104,-7.3341
12,11,32.87,8.94,260.2153,43.4843,5537.6806,5525.4715,-12.209
12,12,34.14,8.94,259.6741,41.9953,5542.9692,5523.9574,-19.0119
12,13,35.41,8.94,259.1694,40.5197,5547.2708,5519.1951,-28.0757
12,14,36.68,8.94,258.6976,39.0584,5552.233,5514.0504,-38.1826
12,15,37.95,8.94,258.2557,37.6118,5559.3527,5510.9908,-48.3619
12,16,39.22,8.94,257.8409,36.1805,5566.8551,5508.8227,-58.0324
12,17,40.49,8.94,257.4509,34.7648,5575.3081,5513.8087,-61.4994
12,18,41.76,8.94,257.0835,33.3652,5586.0003,5528.4144,-57.5858
12,19,43.03,8.94,256.7369,31.9819,5599.1303,5552.6275,-46.5027
12,20,44.3,8.94,256.4094,30.6152,5612.4936,5579.9148,-32.5788
12,21,45.57,8.94,256.0994,29.2654,5628.6977,5611.8628,-16.8349
13,0,18.9,10.21,273.3784,59.67,5266.8073,5148.7802,-118.0271
13,1,20.17,10.21,271.8484,58.1597,5295.2188,5199.1128,-96.106
13,2,21.44,10.21,270.4644,56.6412,5340.8601,5270.4837,-70.3763
13,3,22.71,10.21,269.2078,55.1182,5391.3412,5344.1506,-47.1906
13,4,23.98,10.21,268.0629,53.5936,5433.8846,5397.4247,-36.4599
13,5,25.25,10.21,267.0163,52.0698,5473.7707,5444.756,-29.0147
13,6,26.52,10.21,266.0563,50.5492,5507.2647,5488.1725,-19.0921
13,7,27.79,10.21,265.1732,49.0336,5527.1338,5514.3211,-12.8126
13,8,29.06,10.21,264.3585,47.5247,5539.5991,5532.7531,-6.846
13,9,30.33,10.21,263.6048,46.0239,5550.5275,5548.2463,-2.2812
13,10,31.6,10.21,262.9057,44.5325,5558.0794,5555.6106,-2.4688
13,11,32.87,10.21,262.2557,43.0516,5564.2797,5558.6653,-5.6144
13,12,34.14,10.21,261.65,41.5822,5569.8721,5558.4539,-11.4181
13,13,35.41,10.21,261.0842,40.1251,5574.9196,5554.8509,-20.0687
13,14,36.68,10.21,260.5547,38.681,5580.6563,5551.4568,-29.1995
13,15,37.95,10.21,260.0582,37.2507,5588.9216,5551.5054,-37.4162
13,16,39.22,10.21,259.5917,35.8348,5597.3134,5553.965,-43.3484
13,17,40.49,10.21,259.1527,34.4336,5606.1963,5558.2222,-47.9741
13,18,41.76,10.21,258.7389,33.0476,5616.3461,5572.558,-43.7881
13,19,43.03,10.21,258.3481,31.6773,5628.2683,5596.1016,-32.1668
13,20,44.3,10.21,257.9786,30.3229,5640.159,5625.5923,-14.5667
13,21,45.57,10.21,257.6286,28.9847,5656.3183,5662.4102,6.0919
14,0,18.9,11.48,276.2748,58.8207,5272.3296,5132.7261,-139.6035
14,1,20.17,11.48,274.6469,57.3574,5307.4322,5200.7456,-106.6866
14,2,21.44,11.48,273.1667,55.8824,5356.2194,5273.9814,-82.238
14,3,22.71,11.48,271.8168,54.3996,5407.1572,5351.5922,-55.5649
14,4,23.98,11.48,270.5819,52.9123,5453.7413,5417.8679,-35.8734
14,5,25.25,11.48,269.4491,51.4231,5494.8674,5464.6487,-30.2187
14,6,26.52,11.48,268.4069,49.9347,5526.7611,5505.5913,-21.1697
14,7,27.79,11.48,267.4454,48.4491,5550.4504,5537.2266,-13.2238
14,8,29.06,11.48,266.5562,46.9681,5563.0036,5556.6489,-6.3547
14,9,30.33,11.48,265.7318,45.4934,5575.5684,5574.3393,-1.2291
14,10,31.6,11.48,264.9656,44.0265,5582.6303,5584.2851,1.6549
14,11,32.87,11.48,264.252,42.5685,5590.0836,5590.7135,0.6299
14,12,34.14,11.48,263.5859,41.1206,5596.0385,5592.9181,-3.1204
14,13,35.41,11.48,262.9628,39.6838,5602.7863,5593.8019,-8.9843
14,14,36.68,11.48,262.3789,38.2588,5610.045,5595.866,-14.179
14,15,37.95,11.48,261.8307,36.8465,5617.7995,5597.7942,-20.0053
14,16,39.22,11.48,261.3152,35.4475,5626.3064,5601.8627,-24.4437
14,17,40.49,11.48,260.8295,34.0624,5635.429,5611.0083,-24.4207
14,18,41.76,11.48,260.3711,32.6917,5644.7522,5625.1569,-19.5953
14,19,43.03,11.48,259.938,31.3357,5655.2494,5647.8936,-7.3558
14,20,44.3,11.48,259.5282,29.995,5668.5144,5677.6808,9.1665
14,21,45.57,11.48,259.1397,28.6697,5685.1196,5712.0088,26.8891
15,0,18.9,12.75,279.0037,57.9037,5283.8626,5134.9124,-148.9502
15,1,20.17,12.75,277.2981,56.4888,5322.9258,5210.3498,-112.576
15,2,21.44,12.75,275.7392,55.0589,5371.5413,5286.8576,-84.6837
15,3,22.71,12.75,274.311,53.618,5425.3473,5364.5044,-60.8429
15,4,23.98,12.75,272.9993,52.1698,5474.7778,5435.7688,-39.009
15,5,25.25,12.75,271.7915,50.7172,5518.6971,5487.8647,-30.8325
15,6,26.52,12.75,270.6768,49.2628,5548.4984,5523.7847,-24.7136
15,7,27.79,12.75,269.6456,47.8091,5572.7859,5557.3474,-15.4385
15,8,29.06,12.75,268.6893,46.358,5589.1972,5581.7372,-7.46
15,9,30.33,12.75,267.8007,44.9113,5599.1176,5597.7982,-1.3194
15,10,31.6,12.75,266.9731,43.4707,5607.9182,5611.9667,4.0485
15,11,32.87,12.75,266.2009,42.0374,5617.1693,5623.0547,5.8854
15,12,34.14,12.75,265.4788,40.6128,5623.656,5629.7675,6.1116
15,13,35.41,12.75,264.8023,39.1978,5630.4774,5634.0275,3.5501
15,14,36.68,12.75,264.1675,37.7936,5637.8616,5638.2527,0.3912
15,15,37.95,12.75,263.5707,36.4008,5646.0775,5643.8858,-2.1917
15,16,39.22,12.75,263.0088,35.0203,5654.9873,5650.6751,-4.3122
15,17,40.49,12.75,262.4788,33.6526,5663.6703,5661.3477,-2.3226
15,18,41.76,12.75,261.9783,32.2985,5671.9106,5675.2024,3.2918
15,19,43.03,12.75,261.5048,30.9582,5681.3827,5696.179,14.7963
15,20,44.3,12.75,261.0564,29.6324,5694.5119,5724.2139,29.7021
15,21,45.57,12.75,260.6311,28.3213,5707.1291,5754.3086,47.1794
16,0,18.9,14.02,281.568,56.9262,5299.9304,5152.2887,-147.6417
16,1,20.17,14.02,279.8028,55.5603,5341.5966,5225.6966,-115.8999
16,2,21.44,14.02,278.1814,54.1765,5395.6948,5312.0275,-83.6673
16,3,22.71,14.02,276.6891,52.7788,5448.1202,5386.524,-61.5962
16,4,23.98,14.02,275.3129,51.371,5499.7877,5460.063,-39.7247
16,5,25.25,14.02,274.0411,49.9563,5540.7863,5508.7392,-32.047
16,6,26.52,14.02,272.8635,48.5375,5570.2409,5544.0465,-26.1945
16,7,27.79,14.02,271.7709,47.1172,5595.3584,5578.2627,-17.0957
16,8,29.06,14.02,270.755,45.6976,5613.24,5604.5757,-8.6643
16,9,30.33,14.02,269.8087,44.2805,5623.3074,5621.2786,-2.0289
16,10,31.6,14.02,268.9255,42.8677,5634.4792,5638.6983,4.2191
16,11,32.87,14.02,268.0996,41.4607,5643.3125,5653.5182,10.2057
16,12,34.14,14.02,267.3261,40.0608,5651.1775,5663.1493,11.9718
16,13,35.41,14.02,266.6003,38.6693,5657.4577,5671.3555,13.8977
16,14,36.68,14.02,265.9181,37.2871,5664.9499,5678.2298,13.28
16,15,37.95,14.02,265.2759,35.9153,5672.9643,5686.1496,13.1853
16,16,39.22,14.02,264.6705,34.5546,5681.444,5693.9814,12.5374
16,17,40.49,14.02,264.0988,33.2058,5690.1741,5706.1178,15.9437
16,18,41.76,14.02,263.5583,31.8694,5697.1609,5719.9464,22.7855
16,19,43.03,14.02,263.0466,30.5461,5705.8735,5739.1786,33.3051
16,20,44.3,14.02,262.5615,29.2364,5715.3116,5762.5673,47.2556
16,21,45.57,14.02,262.101,27.9406,5726.5846,5787.3086,60.7239
17,0,18.9,15.29,283.9727,55.8952,5319.5423,5183.106,-136.4363
17,1,20.17,15.29,282.1642,54.5785,5371.1313,5259.5742,-111.5571
17,2,21.44,15.29,280.4947,53.241,5421.7148,5343.0423,-78.6726
17,3,22.71,15.29,278.9513,51.8871,5474.6576,5420.0645,-54.5931
17,4,23.98,15.29,277.5222,50.5206,5523.9353,5487.3497,-36.5856
17,5,25.25,15.29,276.1968,49.1449,5561.8592,5530.6876,-31.1716
17,6,26.52,15.29,274.9654,47.7628,5592.7292,5567.4544,-25.2747
17,7,27.79,15.29,273.8195,46.3772,5618.3684,5602.3812,-15.9872
17,8,29.06,15.29,272.7512,44.9902,5634.6081,5626.4793,-8.1288
17,9,30.33,15.29,271.7536,43.604,5646.4558,5644.2794,-2.1764
17,10,31.6,15.29,270.8205,42.2203,5657.0502,5661.7295,4.6793
17,11,32.87,15.29,269.9462,40.8409,5666.4999,5678.2869,11.7869
17,12,34.14,15.29,269.1258,39.4671,5675.5182,5691.7473,16.229
17,13,35.41,15.29,268.3546,38.1003,5682.9328,5703.4293,20.4965
17,14,36.68,15.29,267.6287,36.7415,5691.4778,5714.802,23.3243
17,15,37.95,15.29,266.9444,35.3918,5699.5067,5725.2111,25.7044
17,16,39.22,15.29,266.2984,34.0522,5707.0956,5735.0585,27.963
17,17,40.49,15.29,265.6877,32.7233,5713.7375,5746.2452,32.5077
17,18,41.76,15.29,265.1097,31.406,5721.1007,5760.7626,39.6619
17,19,43.03,15.29,264.5618,30.1007,5728.4765,5777.5102,49.0337
17,20,44.3,15.29,264.0419,28.8082,5734.5896,5795.49,60.9005
17,21,45.57,15.29,263.548,27.5287,5744.4743,5817.5353,73.061
18,0,18.9,16.56,286.2245,54.8171,5350.6422,5221.6883,-128.9539
18,1,20.17,16.56,284.3867,53.5491,5398.8582,5297.5843,-101.2739
18,2,21.44,16.56,282.6821,52.258,5450.9376,5379.0352,-71.9024
18,3,22.71,16.56,281.0993,50.9481,5501.0376,5454.9439,-46.0937
18,4,23.98,16.56,279.628,49.6234,5546.4496,5514.9587,-31.4909
18,5,25.25,16.56,278.2585,48.2872,5583.005,5556.7951,-26.2099
18,6,26.52,16.56,276.9821,46.9427,5611.7958,5591.5768,-20.219
18,7,27.79,16.56,275.7906,45.5925,5634.2308,5622.2415,-11.9893
18,8,29.06,16.56,274.6769,44.2392,5651.8494,5645.95,-5.8994
18,9,30.33,16.56,273.6343,42.8849,5665.3599,5664.2398,-1.1202
18,10,31.6,16.56,272.6568,41.5314,5677.4497,5682.5915,5.1417
18,11,32.87,16.56,271.7391,40.1806,5690.189,5702.4887,12.2997
18,12,34.14,16.56,270.8762,38.834,5700.9359,5720.9879,20.052
18,13,35.41,16.56,270.0638,37.493,5708.9728,5735.5307,26.5579
18,14,36.68,16.56,269.2979,36.1587,5717.1204,5747.9701,30.8497
18,15,37.95,16.56,268.5747,34.8323,5724.5425,5759.283,34.7405
18,16,39.22,16.56,267.8911,33.5148,5731.6713,5769.8267,38.1554
18,17,40.49,16.56,267.2441,32.207,5737.5297,5780.6248,43.0952
18,18,41.76,16.56,266.6309,30.9096,5742.9608,5792.9412,49.9804
18,19,43.03,16.56,266.0491,29.6235,5748.0718,5807.6015,59.5297
18,20,44.3,16.56,265.4965,28.3491,5753.2255,5823.9436,70.7181
18,21,45.57,16.56,264.971,27.0869,5761.4835,5842.3271,80.8436
19,0,18.9,17.83,288.3314,53.698,5380.4403,5257.943,-122.4973
19,1,20.17,17.83,286.4762,52.4779,5426.6545,5337.1005,-89.5541
19,2,21.44,17.83,284.7477,51.2327,5476.5192,5415.553,-60.9662
19,3,22.71,17.83,283.1361,49.9667,5521.4983,5484.7496,-36.7488
19,4,23.98,17.83,281.6321,48.6838,5564.4083,5540.5729,-23.8354
19,5,25.25,17.83,280.2274,47.3875,5598.3059,5580.86,-17.4459
19,6,26.52,17.83,278.9138,46.081,5624.0289,5611.179,-12.8499
19,7,27.79,17.83,277.6841,44.7669,5645.556,5637.8433,-7.7126
19,8,29.06,17.83,276.5315,43.4479,5664.871,5662.0893,-2.7817
19,9,30.33,17.83,275.4499,42.1262,5680.2226,5681.9504,1.7278
19,10,31.6,17.83,274.4335,40.8038,5694.9495,5701.7458,6.7963
19,11,32.87,17.83,273.4772,39.4825,5709.0949,5723.2289,14.134
19,12,34.14,17.83,272.5763,38.164,5720.1332,5742.5971,22.4639
19,13,35.41,17.83,271.7266,36.8497,5729.2495,5760.3356,31.0861
19,14,36.68,17.83,270.9242,35.5408,5737.5347,5774.3808,36.8462
19,15,37.95,17.83,270.1655,34.2387,5744.6404,5785.8015,41.1611
19,16,39.22,17.83,269.4473,32.9442,5751.239,5796.2757,45.0368
19,17,40.49,17.83,268.7666,31.6583,5756.2519,5804.5011,48.2492
19,18,41.76,17.83,268.1207,30.3819,5761.2146,5816.9919,55.7773
19,19,43.03,17.83,267.5073,29.1157,5766.3431,5831.9821,65.6391
19,20,44.3,17.83,266.924,27.8604,5771.9272,5848.1776,76.2503
19,21,45.57,17.83,266.3687,26.6165,5777.5077,5866.6966,89.1889
20,0,18.9,19.1,290.3016,52.5434,5408.095,5292.6197,-115.4753
20,1,20.17,19.1,288.4392,51.3701,5450.5806,5369.2791,-81.3015
20,2,21.44,19.1,286.6965,50.17,5496.3873,5450.0168,-46.3705
20,3,22.71,19.1,285.0652,48.9475,5536.9491,5505.9712,-30.9779
20,4,23.98,19.1,283.5372,47.7063,5576.187,5557.7217,-18.4653
20,5,25.25,19.1,282.1052,46.4499,5610.909,5601.629,-9.28
20,6,26.52,19.1,280.7619,45.1814,5634.413,5629.0117,-5.4012
20,7,27.79,19.1,279.5006,43.9038,5655.1956,5653.2902,-1.9054
20,8,29.06,19.1,278.3154,42.6196,5674.4878,5676.1729,1.6852
20,9,30.33,19.1,277.2002,41.3311,5691.7329,5697.015,5.2821
20,10,31.6,19.1,276.15,40.0404,5708.2199,5718.342,10.1221
20,11,32.87,19.1,275.1599,38.7493,5722.848,5738.9645,16.1165
20,12,34.14,19.1,274.2253,37.4595,5734.7566,5759.0315,24.2749
20,13,35.41,19.1,273.3422,36.1727,5744.5804,5776.324,31.7435
20,14,36.68,19.1,272.5069,34.89,5753.601,5792.347,38.7459
20,15,37.95,19.1,271.7158,33.6128,5763.0947,5807.8824,44.7877
20,16,39.22,19.1,270.9659,32.3422,5771.1734,5819.6919,48.5185
20,17,40.49,19.1,270.2543,31.0791,5777.5123,5829.2936,51.7813
20,18,41.76,19.1,269.5782,29.8245,5783.6793,5840.2139,56.5347
20,19,43.03,19.1,268.9353,28.579,5788.9314,5854.1444,65.213
20,20,44.3,19.1,268.3233,27.3435,5791.3781,5867.8551,76.477
20,21,45.57,19.1,267.7403,26.1186,5795.7099,5882.8888,87.1789
21,0,18.9,20.37,292.1438,51.3583,5431.1405,5318.7345,-112.4059
21,1,20.17,20.37,290.2827,50.2306,5470.5136,5395.9593,-74.5543
21,2,21.44,20.37,288.534,49.0747,5511.7489,5471.1933,-40.5556
21,3,22.71,20.37,286.8909,47.8949,5550.0334,5525.668,-24.3654
21,4,23.98,20.37,285.3465,46.6949,5586.3775,5573.4936,-12.884
21,5,25.25,20.37,283.8943,45.4782,5620.2799,5616.9672,-3.3126
21,6,26.52,20.37,282.5279,44.2478,5642.1311,5642.7094,0.5783
21,7,27.79,20.37,281.2413,43.0068,5663.0108,5666.6682,3.6574
21,8,29.06,20.37,280.0291,41.7575,5682.962,5689.152,6.19
21,9,30.33,20.37,278.8858,40.5025,5701.0787,5710.4944,9.4156
21,10,31.6,20.37,277.8066,39.2439,5717.5575,5731.4004,13.8429
21,11,32.87,20.37,276.7871,37.9834,5732.5943,5751.5067,18.9124
21,12,34.14,20.37,275.8229,36.723,5745.6666,5770.2616,24.5949
21,13,35.41,20.37,274.9101,35.4642,5757.4572,5788.0314,30.5742
21,14,36.68,20.37,274.0453,34.2084,5769.2733,5805.5107,36.2374
21,15,37.95,20.37,273.2251,32.9568,5779.985,5821.4125,41.4275
21,16,39.22,20.37,272.4464,31.7107,5789.6085,5834.8634,45.255
21,17,40.49,20.37,271.7064,30.4711,5797.7346,5846.8218,49.0871
21,18,41.76,20.37,271.0025,29.2389,5804.2019,5858.4463,54.2444
21,19,43.03,20.37,270.3324,28.0149,5808.1718,5869.2051,61.0332
21,20,44.3,20.37,269.6939,26.7999,5811.3252,5879.5841,68.2589
21,21,45.57,20.37,269.0849,25.5946,5815.9619,5895.788,79.8262
22,0,18.9,21.64,293.8666,50.1474,5450.7137,5347.4782,-103.2354
22,1,20.17,21.64,292.0136,49.0638,5484.9212,5416.0911,-68.83
22,2,21.44,21.64,290.266,47.9511,5524.2991,5488.0718,-36.2274
22,3,22.71,21.64,288.6179,46.8131,5560.7564,5541.9039,-18.8525
22,4,23.98,21.64,287.0637,45.6537,5596.4693,5588.0914,-8.3779
22,5,25.25,21.64,285.5976,44.4761,5624.8174,5625.2149,0.3975
22,6,26.52,21.64,284.214,43.2836,5648.0084,5651.9165,3.9081
22,7,27.79,21.64,282.9078,42.0789,5669.5658,5676.952,7.3862
22,8,29.06,21.64,281.6738,40.8648,5689.5401,5699.7828,10.2427
22,9,30.33,21.64,280.5073,39.6434,5707.3994,5720.7947,13.3953
22,10,31.6,21.64,279.4037,38.417,5725.1999,5742.1161,16.9162
22,11,32.87,21.64,278.359,37.1876,5740.1068,5760.9797,20.8729
22,12,34.14,21.64,277.369,35.9569,5756.363,5780.8777,24.5147
22,13,35.41,21.64,276.4302,34.7266,5771.1967,5799.8831,28.6865
22,14,36.68,21.64,275.5392,33.498,5784.3159,5817.2727,32.9569
22,15,37.95,21.64,274.6928,32.2727,5795.0489,5830.9447,35.8957
22,16,39.22,21.64,273.8881,31.0516,5804.8663,5844.0158,39.1495
22,17,40.49,21.64,273.1224,29.836,5813.9869,5856.6544,42.6675
22,18,41.76,21.64,272.3932,28.6268,5820.5415,5867.2,46.6585
22,19,43.03,21.64,271.698,27.4249,5825.7334,5878.3193,52.5859
22,20,44.3,21.64,271.0349,26.231,5829.5812,5887.4796,57.8983
22,21,45.57,21.64,270.4018,25.046,5833.5093,5898.7209,65.2116
23,0,18.9,22.91,295.4785,48.9149,5464.6514,5369.7117,-94.9396
23,1,20.17,22.91,293.6393,47.874,5497.3726,5435.8226,-61.5499
23,2,21.44,22.91,291.8984,46.803,5534.7574,5503.3473,-31.41
23,3,22.71,22.91,290.2512,45.7059,5568.0529,5553.0829,-14.97
23,4,23.98,22.91,288.6928,44.5862,5600.7023,5595.0281,-5.6742
23,5,25.25,22.91,287.2183,43.4472,5627.4496,5629.6997,2.2501
23,6,26.52,22.91,285.823,42.2921,5651.0327,5656.8234,5.7907
23,7,27.79,22.91,284.5021,41.1236,5672.8719,5682.8708,9.9989
23,8,29.06,22.91,283.2511,39.9443,5693.5805,5706.5722,12.9917
23,9,30.33,22.91,282.0659,38.7566,5711.5063,5727.6665,16.1603
23,10,31.6,22.91,280.9421,37.5626,5729.7264,5748.8067,19.0803
23,11,32.87,22.91,279.876,36.3643,5747.1335,5769.0682,21.9347
23,12,34.14,22.91,278.864,35.1635,5765.5588,5790.1161,24.5573
23,13,35.41,22.91,277.9026,33.962,5782.6677,5809.3068,26.6391
23,14,36.68,22.91,276.9885,32.7611,5797.3709,5826.6425,29.2716
23,15,37.95,22.91,276.1189,31.5623,5808.6206,5840.0591,31.4385
23,16,39.22,22.91,275.2909,30.3667,5818.5433,5852.0248,33.4815
23,17,40.49,22.91,274.502,29.1756,5827.0785,5862.4268,35.3483
23,18,41.76,22.91,273.7497,27.9898,5832.8586,5870.189,37.3304
23,19,43.03,22.91,273.0317,26.8105,5837.5551,5876.226,38.6709
23,20,44.3,22.91,272.346,25.6383,5842.0514,5881.5647,39.5133
23,21,45.57,22.91,271.6906,24.474,5847.759,5887.7159,39.9568
24,0,18.9,24.18,296.9875,47.6646,5476.2312,5392.1106,-84.1206
24,1,20.17,24.18,295.1665,46.6647,5506.0145,5452.2005,-53.814
24,2,21.44,24.18,293.4371,45.6342,5540.4545,5511.7394,-28.7151
24,3,22.71,24.18,291.7956,44.5768,5572.1427,5558.9657,-13.177
24,4,23.98,24.18,290.2379,43.4959,5603.0857,5599.2061,-3.8797
24,5,25.25,24.18,288.7599,42.3948,5630.229,5633.2322,3.0032
24,6,26.52,24.18,287.3575,41.2765,5653.5012,5660.7841,7.2829
24,7,27.79,24.18,286.0264,40.1437,5674.6318,5686.701,12.0693
24,8,29.06,24.18,284.7629,38.999,5696.3341,5711.8439,15.5098
24,9,30.33,24.18,283.5629,37.8447,5714.4542,5732.5238,18.0695
24,10,31.6,24.18,282.4229,36.683,5734.0208,5754.1286,20.1078
24,11,32.87,24.18,281.3391,35.5159,5753.9747,5776.2871,22.3124
24,12,34.14,24.18,280.3084,34.3452,5774.6061,5798.5146,23.9085
24,13,35.41,24.18,279.3275,33.1726,5792.3539,5817.6433,25.2894
24,14,36.68,24.18,278.3935,31.9996,5806.7317,5833.0229,26.2912
24,15,37.95,24.18,277.5034,30.8276,5818.5378,5846.9739,28.4361
24,16,39.22,24.18,276.6548,29.6578,5828.7246,5858.9882,30.2636
24,17,40.49,24.18,275.845,28.4915,5836.9771,5868.6178,31.6407
24,18,41.76,24.18,275.0718,27.3297,5842.8732,5875.4833,32.6101
24,19,43.03,24.18,274.3331,26.1732,5848.7241,5881.5726,32.8486
24,20,44.3,24.18,273.6268,25.0231,5854.395,5887.7248,33.3297
24,21,45.57,24.18,272.951,23.88,5858.5028,5885.6199,27.1172
25,0,18.9,25.45,298.4012,46.3999,5484.3277,5412.713,-71.6147
25,1,20.17,25.45,296.602,45.4394,5513.3758,5468.8957,-44.4801
25,2,21.44,25.45,294.888,44.448,5543.7569,5517.4198,-26.3371
25,3,22.71,25.45,293.2563,43.4291,5574.0208,5563.2045,-10.8163
25,4,23.98,25.45,291.7034,42.386,5605.2399,5603.386,-1.8539
25,5,25.25,25.45,290.226,41.322,5632.292,5635.324,3.032
25,6,26.52,25.45,288.8205,40.2398,5655.1176,5662.9079,7.7904
25,7,27.79,25.45,287.4834,39.1422,5674.6012,5687.5775,12.9763
25,8,29.06,25.45,286.211,38.0316,5696.5316,5713.1887,16.6572
25,9,30.33,25.45,285.0001,36.9105,5716.7356,5736.0249,19.2893
25,10,31.6,25.45,283.8473,35.7809,5738.6198,5759.7416,21.1218
25,11,32.87,25.45,282.7493,34.6449,5760.6106,5782.6692,22.0586
25,12,34.14,25.45,281.7031,33.5042,5783.0582,5806.2367,23.1785
25,13,35.41,25.45,280.7057,32.3606,5801.5147,5825.5812,24.0665
25,14,36.68,25.45,279.7544,31.2156,5816.3864,5842.0946,25.7082
25,15,37.95,25.45,278.8466,30.0706,5827.3074,5854.6434,27.3359
25,16,39.22,25.45,277.9797,28.9268,5837.5064,5866.341,28.8345
25,17,40.49,25.45,277.1514,27.7856,5845.2011,5875.4363,30.2352
25,18,41.76,25.45,276.3596,26.6479,5851.7788,5883.0823,31.3035
25,19,43.03,25.45,275.6021,25.5147,5858.0592,5889.7901,31.7309
25,20,44.3,25.45,274.877,24.3869,5861.8721,5894.2036,32.3315
25,21,45.57,25.45,274.1825,23.2653,5866.1898,5896.4198,30.2301
26,0,18.9,26.72,299.7269,45.1239,5490.4965,5432.8064,-57.6901
26,1,20.17,26.72,297.9521,44.2012,5515.7155,5475.9424,-39.773
26,2,21.44,26.72,296.2566,43.2475,5544.9577,5522.4697,-22.488
26,3,22.71,26.72,294.638,42.2658,5575.1015,5568.3137,-6.7879
26,4,23.98,26.72,293.0934,41.2595,5605.8876,5603.3151,-2.5726
26,5,25.25,26.72,291.6202,40.2316,5630.1664,5632.9017,2.7353
26,6,26.52,26.72,290.2152,39.1847,5654.3047,5662.4736,8.1689
26,7,27.79,26.72,288.8755,38.1216,5673.7158,5686.8828,13.167
26,8,29.06,26.72,287.5978,37.0447,5695.3107,5713.172,17.8613
26,9,30.33,26.72,286.3793,35.9564,5717.628,5738.0902,20.4623
26,10,31.6,26.72,285.2168,34.8586,5742.3818,5764.4199,22.0381
26,11,32.87,26.72,284.1076,33.7535,5766.3725,5788.4744,22.1019
26,12,34.14,26.72,283.0489,32.6427,5789.0299,5810.7082,21.6783
26,13,35.41,26.72,282.0378,31.528,5810.0549,5833.5565,23.5016
26,14,36.68,26.72,281.0719,30.411,5823.5557,5849.4285,25.8728
26,15,37.95,26.72,280.1488,29.293,5834.9791,5862.9333,27.9543
26,16,39.22,26.72,279.266,28.1754,5845.1222,5874.8177,29.6955
26,17,40.49,26.72,278.4215,27.0594,5852.041,5883.0982,31.0572
26,18,41.76,26.72,277.613,25.946,5857.9456,5890.1127,32.1671
26,19,43.03,26.72,276.8387,24.8363,5862.6712,5895.4347,32.7635
26,20,44.3,26.72,276.0967,23.7312,5866.1801,5899.3835,33.2034
26,21,45.57,26.72,275.3853,22.6315,5871.1597,5903.16,32.0003
27,0,18.9,27.99,300.9712,43.8394,5491.225,5443.2972,-47.9278
27,1,20.17,27.99,299.2229,42.953,5517.5226,5484.8115,-32.7111
27,2,21.44,27.99,297.5483,42.0354,5545.7574,5527.1392,-18.6182
27,3,22.71,27.99,295.9455,41.0898,5573.1458,5564.9718,-8.174
27,4,23.98,27.99,294.4122,40.1191,5601.3049,5597.1513,-4.1536
27,5,25.25,27.99,292.9461,39.1263,5627.7361,5628.3625,0.6264
27,6,26.52,27.99,291.5448,38.1139,5652.8977,5656.9465,4.0488
27,7,27.79,27.99,290.2054,37.0846,5672.2012,5681.5473,9.346
27,8,29.06,27.99,288.9255,36.0408,5693.6779,5708.1344,14.4565
27,9,30.33,27.99,287.7023,34.9847,5717.173,5736.8643,19.6913
27,10,31.6,27.99,286.5332,33.9184,5744.4398,5766.9391,22.4993
27,11,32.87,27.99,285.4156,32.8438,5770.5972,5792.5351,21.938
27,12,34.14,27.99,284.3469,31.7628,5795.1322,5815.4507,20.3185
27,13,35.41,27.99,283.3248,30.6769,5815.1368,5838.278,23.1412
27,14,36.68,27.99,282.3468,29.5878,5830.7059,5857.3717,26.6658
27,15,37.95,27.99,281.4106,28.4968,5841.6933,5871.1069,29.4136
27,16,39.22,27.99,280.5142,27.4054,5850.3551,5881.7727,31.4176
27,17,40.49,27.99,279.6554,26.3147,5856.9191,5889.7731,32.854
27,18,41.76,27.99,278.8323,25.2257,5862.2327,5895.821,33.5883
27,19,43.03,27.99,278.0431,24.1396,5866.3611,5900.4652,34.1042
27,20,44.3,27.99,277.2859,23.0573,5870.065,5904.115,34.05
27,21,45.57,27.99,276.5591,21.9796,5873.0523,5906.0997,33.0474